Date,Bank_Native_Country,State,Bank_Name,Bank_Local_Currency,Bank_Type,Bank_Product,Bank_Product_Type,Bank_Product_Code,Bank_Product_Name,Balance,Bank_Offer_Feature,Term_in_Months,Interest_Type,Interest,AER,Source
 2018-05-30,UK,London,Virgin Money Plc.,GBP,Bank,Deposits,Savings,,Double Take E-Saver Issue 6,"1-250,000",Online,,Fixed,1.26%,1.26%,moneysupermarket.com
 2018-05-30,UK,London,Virgin Money Plc.,GBP,Bank,Deposits,Savings,,Double Take E-Saver Issue 6,"1-250,000",Online,,Fixed,1.26%,1.26%,moneysupermarket.com
 2018-05-30,UK,London,Virgin Money Plc.,GBP,Bank,Deposits,Savings,,Easy Access Saver Issue 31,"1-250,000",Offline,,Fixed,1.01%,1.01%,moneysupermarket.com
 2018-05-30,UK,London,Virgin Money Plc.,GBP,Bank,Deposits,Savings,,Easy Access Saver Issue 31,"1-250,000",Offline,,Fixed,1.01%,1.01%,moneysupermarket.com
 2018-05-30,UK,London,Clydesdale Bank,GBP,Bank,Deposits,Savings,,B Instant Savings,1,Offline,,Fixed,0.75%,0.75%,moneysupermarket.com
 2018-05-30,UK,London,Virgin Money Plc.,GBP,Bank,Deposits,Savings,,Saving to Buy Issue 7,"1-30,000",Offline,,Fixed,0.75%,0.75%,moneysupermarket.com
 2018-05-30,UK,London,Virgin Money Plc.,GBP,Bank,Deposits,Savings,,Saving to Buy Issue 7,"1-30,000",Offline,,Fixed,0.75%,0.75%,moneysupermarket.com
 2018-05-30,UK,London,Virgin Money Plc.,GBP,Bank,Deposits,Savings,,Manchester United Red Devil E-Saver Issue 4,"1-30,000",Online,,Fixed,0.5%,0.5%,moneysupermarket.com
 2018-05-30,UK,London,Virgin Money Plc.,GBP,Bank,Deposits,Savings,,Manchester United Red Devil E-Saver Issue 4,"1-30,000",Online,,Fixed,0.5%,0.5%,moneysupermarket.com
 2018-05-30,UK,London,Virgin Money Plc.,GBP,Bank,Deposits,Savings,,Manchester United Red Devil Saver Issue 4,"1-30,000",Offline,,Fixed,0.5%,0.5%,moneysupermarket.com
 2018-05-30,UK,London,Virgin Money Plc.,GBP,Bank,Deposits,Savings,,Manchester United Red Devil Saver Issue 4,"1-30,000",Offline,,Fixed,0.5%,0.5%,moneysupermarket.com
 2018-05-30,UK,London,HSBC,GBP,Bank,Deposits,Savings,,Online Bonus Saver,"1-50,000",Offline,,Fixed,0.45%,0.45%,moneysupermarket.com
 2018-05-30,UK,London,TSB,GBP,Bank,Deposits,Savings,,eSavings,"1-9,000,000",Offline,,Fixed,0.45%,0.45%,moneysupermarket.com
 2018-05-30,UK,London,Metro Bank,GBP,Bank,Deposits,Savings,,Instant Access Savings Account,"1-2,000,000",Offline,,Fixed,0.4%,0.4%,moneysupermarket.com
 2018-05-30,UK,London,TSB,GBP,Bank,Deposits,Savings,,Easy Saver,"1-9,000,000",Offline,,Fixed,0.4%,0.4%,moneysupermarket.com
 2018-05-30,UK,London,Santander Bank,GBP,Bank,Deposits,Savings,,123 eSaver (Issue 15),"1-2,000,000",Offline,,Fixed,0.25%,0.25%,moneysupermarket.com
 2018-05-30,UK,London,Santander Bank,GBP,Bank,Deposits,Savings,,123 eSaver (Issue 15),"1-2,000,000",Offline,,Fixed,0.25%,0.25%,moneysupermarket.com
 2018-05-30,UK,London,Santander Bank,GBP,Bank,Deposits,Savings,,Everyday Saver,"1-2,000,000",Offline,,Fixed,0.25%,0.25%,moneysupermarket.com
 2018-05-30,UK,London,Bank of Scotland,GBP,Bank,Deposits,Savings,,Access Saver,1,Offline,,Fixed,0.2%,0.2%,moneysupermarket.com
 2018-05-30,UK,London,Barclays,GBP,Bank,Deposits,Savings,,Everyday Saver,"1-49,999",Offline,,Fixed,0.2%,0.2%,moneysupermarket.com
 2018-05-30,UK,London,Halifax,GBP,Bank,Deposits,Savings,,Everyday Saver,"1-9,000,000",Offline,,Fixed,0.2%,0.2%,moneysupermarket.com
 2018-05-30,UK,London,Lloyds Bank,GBP,Bank,Deposits,Savings,,Easy Saver,1,Offline,,Fixed,0.2%,0.2%,moneysupermarket.com
 2018-05-30,UK,London,Santander Bank,GBP,Bank,Deposits,Savings,,eSaver (Issue 15),"1-2,000,000",Offline,,Fixed,0.15%,0.15%,moneysupermarket.com
 2018-05-30,UK,London,Santander Bank,GBP,Bank,Deposits,Savings,,eSaver (Issue 15),"1-2,000,000",Offline,,Fixed,0.15%,0.15%,moneysupermarket.com
 2018-05-30,UK,London,Bank of Ireland,GBP,Bank,Deposits,Savings,,Classic Saver,1,Offline,,Fixed,0.1%,0.1%,moneysupermarket.com
 2018-05-30,UK,London,Clydesdale Bank,GBP,Bank,Deposits,Savings,,Instant Savings,"1-9,999",Offline,,Fixed,0.1%,0.1%,moneysupermarket.com
 2018-05-30,UK,London,Clydesdale Bank,GBP,Bank,Deposits,Savings,,Savings Account Plus,1,Offline,,Fixed,0.1%,0.1%,moneysupermarket.com
 2018-05-30,UK,London,Clydesdale Bank,GBP,Bank,Deposits,Savings,,Signature Savings Account,"1-49,999",Offline,,Fixed,0.1%,0.1%,moneysupermarket.com
 2018-05-30,UK,London,HSBC,GBP,Bank,Deposits,Savings,,Online Bonus Saver,"1-2,000,000",Offline,,Fixed,0.1%,0.1%,moneysupermarket.com
 2018-05-30,UK,London,HSBC,GBP,Bank,Deposits,Savings,,Premier Family Savings,1,Offline,,Fixed,0.1%,0.1%,moneysupermarket.com
 2018-05-30,UK,London,HSBC,GBP,Bank,Deposits,Savings,,Premier Savings,1,Offline,,Fixed,0.1%,0.1%,moneysupermarket.com
 2018-05-30,UK,London,Royal Bank Of Scotland,GBP,Bank,Deposits,Savings,,Instant Access Savings Account,"1-49,999",Offline,,Fixed,0.1%,0.1%,moneysupermarket.com
 2018-05-30,UK,London,HSBC,GBP,Bank,Deposits,Savings,,Flexible Saver,1,Offline,,Fixed,0.05%,0.05%,moneysupermarket.com
 2018-05-30,UK,London,Virgin Money Plc.,GBP,Bank,Deposits,Savings,,Double Take Cash E-ISA Issue 1,1,Online,,Fixed,1.21%,1.21%,moneysupermarket.com
 2018-05-30,UK,London,Virgin Money Plc.,GBP,Bank,Deposits,Savings,,Double Take Cash E-ISA Issue 1,1,Online,,Fixed,1.21%,1.21%,moneysupermarket.com
 2018-05-30,UK,London,HSBC,GBP,Bank,Deposits,Savings,,Loyalty Cash ISA - Premier customers,1,Offline,,Fixed,0.75%,0.75%,moneysupermarket.com
 2018-05-30,UK,London,Metro Bank,GBP,Bank,Deposits,Savings,,Instant Access Cash ISA,1,Offline,,Fixed,0.75%,0.75%,moneysupermarket.com
 2018-05-30,UK,London,HSBC,GBP,Bank,Deposits,Savings,,Loyalty Cash ISA - Advance customers,1,Offline,,Fixed,0.65%,0.65%,moneysupermarket.com
 2018-05-30,UK,London,Santander Bank,GBP,Bank,Deposits,Savings,,123 eISA (Issue 4),500,Offline,,Fixed,0.6%,0.6%,moneysupermarket.com
 2018-05-30,UK,London,Barclays,GBP,Bank,Deposits,Savings,,Instant Cash ISA Issue 1,"1-29,999",Offline,,Fixed,0.55%,0.55%,moneysupermarket.com
 2018-05-30,UK,London,HSBC,GBP,Bank,Deposits,Savings,,Loyalty Cash ISA - Current Account customers,1,Offline,,Fixed,0.55%,0.55%,moneysupermarket.com
 2018-05-30,UK,London,TSB,GBP,Bank,Deposits,Savings,,Cash ISA Saver,1,Offline,,Fixed,0.5%,0.5%,moneysupermarket.com
 2018-05-30,UK,London,Clydesdale Bank,GBP,Bank,Deposits,Savings,,Flexi Cash ISA,"10-14,999",Offline,,Fixed,0.4%,0.4%,moneysupermarket.com
 2018-05-30,UK,London,Bank of Scotland,GBP,Bank,Deposits,Savings,,Access Cash ISA,1,Offline,,Fixed,0.35%,0.35%,moneysupermarket.com
 2018-05-30,UK,London,Halifax,GBP,Bank,Deposits,Savings,,ISA Saver Variable,1,Offline,,Fixed,0.35%,0.35%,moneysupermarket.com
 2018-05-30,UK,London,Lloyds Bank,GBP,Bank,Deposits,Savings,,Cash ISA Saver,1,Offline,,Fixed,0.35%,0.35%,moneysupermarket.com
 2018-05-30,UK,London,Santander Bank,GBP,Bank,Deposits,Savings,,eISA (Issue 4),500,Offline,,Fixed,0.35%,0.35%,moneysupermarket.com
 2018-05-30,UK,London,Santander Bank,GBP,Bank,Deposits,Savings,,Easy ISA,"1-39,999",Offline,,Fixed,0.1%,0.1%,moneysupermarket.com
 2018-05-30,UK,London,Barclays,GBP,Bank,Deposits,Term Deposits,,3 Year Premier Flexible Bond - Issue 14,"1-1,000,000",Offline,36.0,Fixed,2.02%,2.02%,moneysupermarket.com
 2018-05-30,UK,London,Barclays,GBP,Bank,Deposits,Term Deposits,,3 Year Premier Flexible Bond - Issue 14,"1-1,000,000",Offline,36.0,Fixed,2.02%,2.02%,moneysupermarket.com
 2018-05-30,UK,London,Barclays,GBP,Bank,Deposits,Term Deposits,,3 Year Premier Flexible Bond - Issue 14,"1-1,000,000",Offline,36.0,Fixed,2.02%,2.02%,moneysupermarket.com
 2018-05-30,UK,London,Barclays,GBP,Bank,Deposits,Term Deposits,,3 Year Flexible Bond - Issue 35,"1-1,000,000",Offline,36.0,Fixed,1.81%,1.81%,moneysupermarket.com
 2018-05-30,UK,London,Barclays,GBP,Bank,Deposits,Term Deposits,,3 Year Flexible Bond - Issue 35,"1-1,000,000",Offline,36.0,Fixed,1.81%,1.81%,moneysupermarket.com
 2018-05-30,UK,London,Barclays,GBP,Bank,Deposits,Term Deposits,,3 Year Flexible Bond - Issue 35,"1-1,000,000",Offline,36.0,Fixed,1.81%,1.81%,moneysupermarket.com
 2018-05-30,UK,London,Virgin Money Plc.,GBP,Bank,Deposits,Term Deposits,,Fixed Rate E-Bond Issue 326,"1-1,000,000",Online,,Fixed,1.75%,1.75%,moneysupermarket.com
 2018-05-30,UK,London,Virgin Money Plc.,GBP,Bank,Deposits,Term Deposits,,Fixed Rate E-Bond Issue 326,"1-1,000,000",Online,,Fixed,1.75%,1.75%,moneysupermarket.com
 2018-05-30,UK,London,Metro Bank,GBP,Bank,Deposits,Term Deposits,,Fixed Term Savings Account,"500-2,000,000",Offline,36.0,Fixed,1.6%,1.6%,moneysupermarket.com
 2018-05-30,UK,London,Metro Bank,GBP,Bank,Deposits,Term Deposits,,Fixed Term Savings Account,"500-2,000,000",Offline,36.0,Fixed,1.6%,1.6%,moneysupermarket.com
 2018-05-30,UK,London,Virgin Money Plc.,GBP,Bank,Deposits,Term Deposits,,Fixed Rate Bond Issue 368,"1-1,000,000",Offline,,Fixed,1.5%,1.5%,moneysupermarket.com
 2018-05-30,UK,London,Virgin Money Plc.,GBP,Bank,Deposits,Term Deposits,,Fixed Rate Bond Issue 368,"1-1,000,000",Offline,,Fixed,1.5%,1.5%,moneysupermarket.com
 2018-05-30,UK,London,Metro Bank,GBP,Bank,Deposits,Term Deposits,,Fixed Term Savings Account,"500-2,000,000",Offline,18.0,Fixed,1.4%,1.4%,moneysupermarket.com
 2018-05-30,UK,London,Metro Bank,GBP,Bank,Deposits,Term Deposits,,Fixed Term Savings Account,"500-2,000,000",Offline,18.0,Fixed,1.4%,1.4%,moneysupermarket.com
 2018-05-30,UK,London,Barclays,GBP,Bank,Deposits,Term Deposits,,2 Year Premier Flexible Bond - Issue 13,"1-1,000,000",Offline,24.0,Fixed,1.16%,1.16%,moneysupermarket.com
 2018-05-30,UK,London,Barclays,GBP,Bank,Deposits,Term Deposits,,2 Year Premier Flexible Bond - Issue 13,"1-1,000,000",Offline,24.0,Fixed,1.15%,1.15%,moneysupermarket.com
 2018-05-30,UK,London,Barclays,GBP,Bank,Deposits,Term Deposits,,2 Year Premier Flexible Bond - Issue 13,"1-1,000,000",Offline,24.0,Fixed,1.15%,1.15%,moneysupermarket.com
 2018-05-30,UK,London,Barclays,GBP,Bank,Deposits,Term Deposits,,2 Year Flexible Bond - Issue 34,"1-1,000,000",Offline,24.0,Fixed,1%,1%,moneysupermarket.com
 2018-05-30,UK,London,Barclays,GBP,Bank,Deposits,Term Deposits,,2 Year Flexible Bond - Issue 34,"1-1,000,000",Offline,24.0,Fixed,1%,1%,moneysupermarket.com
 2018-05-30,UK,London,Barclays,GBP,Bank,Deposits,Term Deposits,,2 Year Flexible Bond - Issue 34,"1-1,000,000",Offline,24.0,Fixed,1%,1%,moneysupermarket.com
 2018-05-30,UK,London,Metro Bank,GBP,Bank,Deposits,Term Deposits,,Fixed Term Savings Account,"500-2,000,000",Offline,6.0,Fixed,1%,1%,moneysupermarket.com
 2018-05-30,UK,London,Metro Bank,GBP,Bank,Deposits,Term Deposits,,Fixed Term Savings Account,"500-2,000,000",Offline,6.0,Fixed,1%,1%,moneysupermarket.com
 2018-05-30,UK,London,NatWest,GBP,Bank,Deposits,Term Deposits,,2 Year Fixed Term Savings Account,"500-49,999",Offline,,Fixed,1%,1%,moneysupermarket.com
 2018-05-30,UK,London,Royal Bank Of Scotland,GBP,Bank,Deposits,Term Deposits,,2 Year Fixed Term Savings Account,"500-49,999",Offline,,Fixed,1%,1%,moneysupermarket.com
 2018-05-30,UK,London,Santander Bank,GBP,Bank,Deposits,Term Deposits,,Select 3 Year Fixed Rate Bond,"500-2,000,000",Offline,,Fixed,1%,1%,moneysupermarket.com
 2018-05-30,UK,London,Santander Bank,GBP,Bank,Deposits,Term Deposits,,Select 3 Year Fixed Rate Bond,"500-2,000,000",Offline,,Fixed,1%,1%,moneysupermarket.com
 2018-05-30,UK,London,Barclays,GBP,Bank,Deposits,Term Deposits,,1 Year Fixed Rate Bond Issue 91,"500-1,000,000",Offline,12.0,Fixed,0.9%,0.9%,moneysupermarket.com
 2018-05-30,UK,London,Barclays,GBP,Bank,Deposits,Term Deposits,,1 Year Fixed Rate Bond Issue 91,"500-1,000,000",Offline,12.0,Fixed,0.9%,0.9%,moneysupermarket.com
 2018-05-30,UK,London,NatWest,GBP,Bank,Deposits,Term Deposits,,1 Year Fixed Term Savings Account,"500-49,999",Offline,,Fixed,0.9%,0.9%,moneysupermarket.com
 2018-05-30,UK,London,Royal Bank Of Scotland,GBP,Bank,Deposits,Term Deposits,,1 Year Fixed Term Savings Account,"500-49,999",Offline,,Fixed,0.9%,0.9%,moneysupermarket.com
 2018-05-30,UK,London,Santander Bank,GBP,Bank,Deposits,Term Deposits,,123 2 Year Fixed Rate Bond,"500-2,000,000",Offline,,Fixed,0.8%,0.8%,moneysupermarket.com
 2018-05-30,UK,London,Santander Bank,GBP,Bank,Deposits,Term Deposits,,123 2 Year Fixed Rate Bond,"500-2,000,000",Offline,,Fixed,0.8%,0.8%,moneysupermarket.com
 2018-05-30,UK,London,Metro Bank,GBP,Bank,Deposits,Term Deposits,,Fixed Term Savings Account,"500-2,000,000",Offline,3.0,Fixed,0.75%,0.75%,moneysupermarket.com
 2018-05-30,UK,London,Metro Bank,GBP,Bank,Deposits,Term Deposits,,Fixed Term Savings Account,"500-2,000,000",Offline,3.0,Fixed,0.75%,0.75%,moneysupermarket.com
 2018-05-30,UK,London,Santander Bank,GBP,Bank,Deposits,Term Deposits,,123 1 Year Fixed Rate Bond,"500-2,000,000",Offline,,Fixed,0.7%,0.7%,moneysupermarket.com
 2018-05-30,UK,London,Santander Bank,GBP,Bank,Deposits,Term Deposits,,123 1 Year Fixed Rate Bond,"500-2,000,000",Offline,,Fixed,0.7%,0.7%,moneysupermarket.com
 2018-05-30,UK,London,Halifax,GBP,Bank,Deposits,Term Deposits,,Fixed Saver,"500-9,000,000",Offline,24.0,Fixed,0.55%,0.55%,moneysupermarket.com
 2018-05-30,UK,London,Halifax,GBP,Bank,Deposits,Term Deposits,,Fixed Saver,"500-9,000,000",Offline,24.0,Fixed,0.55%,0.55%,moneysupermarket.com
 2018-05-30,UK,London,Santander Bank,GBP,Bank,Deposits,Term Deposits,,2 Year Fixed Rate Bond,"500-2,000,000",Offline,,Fixed,0.55%,0.55%,moneysupermarket.com
 2018-05-30,UK,London,Santander Bank,GBP,Bank,Deposits,Term Deposits,,2 Year Fixed Rate Bond,"500-2,000,000",Offline,,Fixed,0.55%,0.55%,moneysupermarket.com
 2018-05-30,UK,London,Santander Bank,GBP,Bank,Deposits,Term Deposits,,1 Year Fixed Rate Bond,"500-2,000,000",Offline,,Fixed,0.5%,0.5%,moneysupermarket.com
 2018-05-30,UK,London,Santander Bank,GBP,Bank,Deposits,Term Deposits,,1 Year Fixed Rate Bond,"500-2,000,000",Offline,,Fixed,0.5%,0.5%,moneysupermarket.com
 2018-05-30,UK,London,Santander Bank,GBP,Bank,Deposits,Current,,1|2|3 Mini Current Account,"30000-2,00000",Offline,,Fixed,3.00%,3.00%,moneysupermarket.com
 2018-05-30,UK,London,Santander Bank,GBP,Bank,Deposits,Current,,123 Current Account,"20,00000",Offline,,Fixed,1.50%,1.50%,moneysupermarket.com
 2018-05-30,UK,London,Santander Bank,GBP,Bank,Deposits,Current,,123 Lite Current Account,,Offline,,Fixed,0.00%,0.00%,moneysupermarket.com
 2018-05-30,UK,London,Santander Bank,GBP,Bank,Deposits,Current,,Everyday Current Account,,Offline,,Fixed,0.00%,0.00%,moneysupermarket.com
 2018-05-30,UK,London,Barclays,GBP,Bank,Deposits,Current,,Bank Account,,Offline,,Fixed,0.00%,0.00%,moneysupermarket.com
 2018-05-30,UK,London,Barclays,GBP,Bank,Deposits,Current,,Bank Account with Blue Rewards,,Offline,,Fixed,0.00%,0.00%,moneysupermarket.com
 2018-05-30,UK,London,NatWest,GBP,Bank,Deposits,Current,,Reward Account,,Offline,,Fixed,0.00%,0.00%,moneysupermarket.com
 2018-05-30,UK,London,NatWest,GBP,Bank,Deposits,Current,,Reward Platinum Account,,Offline,,Fixed,0.00%,0.00%,moneysupermarket.com
 2018-05-30,UK,London,NatWest,GBP,Bank,Deposits,Current,,Reward Silver Account,,Offline,,Fixed,0.00%,0.00%,moneysupermarket.com
 2018-05-30,UK,London,NatWest,GBP,Bank,Deposits,Current,,Select Account,,Offline,,Fixed,0.00%,0.00%,moneysupermarket.com
