Date,Bank_Native_Country,State,Bank_Name,Bank_Local_Currency,Bank_Type,Bank_Product,Bank_Product_Type,Bank_Product_Code,Bank_Product_Name,Min_Loan_Amount,Bank_Offer_Feature,Term (Y),Interest_Type,Interest,APRC,Mortgage_Loan_Amt,Mortgage_Down_Payment,Mortgage_Category,Mortgage_Reason,Mortgage_Pymt_Mode,Fixed_Rate_Term,Source
 2018-05-30,UK,London,HSBC,GBP,Bank,Mortgages,Mortgages,,2Year Tracker With Fee,10000.0,Offline,10,Variable,1.39%,3.3%,72000,20%,New Purchase,Primary Residence,Principal + Interest,2,moneysupermarket.com
 2018-05-30,UK,London,HSBC,GBP,Bank,Mortgages,Mortgages,,2Year Fixed With Fee,10000.0,Offline,10,Variable,1.54%,3.3%,72000,20%,New Purchase,Primary Residence,Principal + Interest,2,moneysupermarket.com
 2018-05-30,UK,London,TSB,GBP,Bank,Mortgages,Mortgages,,2Year Fixed,5000.0,Offline,10,Variable,1.59%,3.5%,72000,20%,New Purchase,Primary Residence,Principal + Interest,2,moneysupermarket.com
 2018-05-30,UK,London,Barclays,GBP,Bank,Mortgages,Mortgages,,2Year Fixed,25000.0,Offline,10,Variable,1.6%,3.3%,72000,20%,New Purchase,Primary Residence,Principal + Interest,2,moneysupermarket.com
 2018-05-30,UK,London,TSB,GBP,Bank,Mortgages,Mortgages,,2Year Fixed,5000.0,Offline,10,Variable,1.59%,3.5%,72000,20%,New Purchase,Primary Residence,Principal + Interest,2,moneysupermarket.com
 2018-05-30,UK,London,Barclays,GBP,Bank,Mortgages,Mortgages,,2Year Fixed,25000.0,Offline,10,Variable,1.6%,3.3%,72000,20%,New Purchase,Primary Residence,Principal + Interest,2,moneysupermarket.com
 2018-05-30,UK,London,Virgin Money Plc.,GBP,Bank,Mortgages,Mortgages,,2Year Tracker,0.0,Offline,10,Variable,1.74%,3.9%,72000,20%,New Purchase,Primary Residence,Principal + Interest,2,moneysupermarket.com
 2018-05-30,UK,London,TSB,GBP,Bank,Mortgages,Mortgages,,2Year Fixed,5000.0,Offline,10,Variable,1.79%,3.5%,72000,20%,New Purchase,Primary Residence,Principal + Interest,2,moneysupermarket.com
 2018-05-30,UK,London,Barclays,GBP,Bank,Mortgages,Mortgages,,2Year Fixed,25000.0,Offline,10,Variable,1.82%,3.2%,72000,20%,New Purchase,Primary Residence,Principal + Interest,2,moneysupermarket.com
 2018-05-30,UK,London,HSBC,GBP,Bank,Mortgages,Mortgages,,2Year Fixed,10000.0,Offline,10,Variable,1.94%,3.2%,72000,20%,New Purchase,Primary Residence,Principal + Interest,2,moneysupermarket.com
 2018-05-30,UK,London,Metro Bank,GBP,Bank,Mortgages,Mortgages,,3Year Fixed With Fee,50000.0,Offline,10,Variable,1.94%,3.4%,72000,20%,New Purchase,Primary Residence,Principal + Interest,3,moneysupermarket.com
 2018-05-30,UK,London,Metro Bank,GBP,Bank,Mortgages,Mortgages,,2Year Fixed With Fee,50000.0,Offline,10,Variable,1.94%,3.7%,72000,20%,New Purchase,Primary Residence,Principal + Interest,2,moneysupermarket.com
 2018-05-30,UK,London,Virgin Money Plc.,GBP,Bank,Mortgages,Mortgages,,2Year Tracker,0.0,Offline,10,Variable,1.99%,4.0%,72000,20%,New Purchase,Primary Residence,Principal + Interest,2,moneysupermarket.com
 2018-05-30,UK,London,HSBC,GBP,Bank,Mortgages,Mortgages,,3Year Fixed,10000.0,Offline,10,Variable,2.09%,3.0%,72000,20%,New Purchase,Primary Residence,Principal + Interest,3,moneysupermarket.com
 2018-05-30,UK,London,TSB,GBP,Bank,Mortgages,Mortgages,,2Year Fixed,5000.0,Offline,10,Variable,2.09%,3.4%,72000,20%,New Purchase,Primary Residence,Principal + Interest,2,moneysupermarket.com
 2018-05-30,UK,London,NatWest,GBP,Bank,Mortgages,Mortgages,,5Year Fixed With Fee,25000.0,Offline,10,Variable,2.1%,2.9%,72000,20%,New Purchase,Primary Residence,Principal + Interest,5,moneysupermarket.com
 2018-05-30,UK,London,Royal Bank Of Scotland,GBP,Bank,Mortgages,Mortgages,,5Year Fixed With Fee,25000.0,Offline,10,Variable,2.1%,2.9%,72000,20%,New Purchase,Primary Residence,Principal + Interest,5,moneysupermarket.com
 2018-05-30,UK,London,TSB,GBP,Bank,Mortgages,Mortgages,,5Year Fixed,5000.0,Offline,10,Variable,2.14%,2.9%,72000,20%,New Purchase,Primary Residence,Principal + Interest,5,moneysupermarket.com
 2018-05-30,UK,London,Barclays,GBP,Bank,Mortgages,Mortgages,,5Year Fixed,25000.0,Offline,10,Variable,2.15%,2.8%,72000,20%,New Purchase,Primary Residence,Principal + Interest,5,moneysupermarket.com
 2018-05-30,UK,London,HSBC,GBP,Bank,Mortgages,Mortgages,,5Year Fixed,10000.0,Offline,10,Variable,2.29%,2.7%,72000,20%,New Purchase,Primary Residence,Principal + Interest,5,moneysupermarket.com
 2018-05-30,UK,London,Barclays,GBP,Bank,Mortgages,Mortgages,,5Year Fixed,25000.0,Offline,10,Variable,2.34%,2.8%,72000,20%,New Purchase,Primary Residence,Principal + Interest,5,moneysupermarket.com
 2018-05-30,UK,London,NatWest,GBP,Bank,Mortgages,Mortgages,,2Year Fixed,25000.0,Offline,10,Variable,2.64%,3.6%,72000,20%,New Purchase,Primary Residence,Principal + Interest,2,moneysupermarket.com
 2018-05-30,UK,London,Royal Bank Of Scotland,GBP,Bank,Mortgages,Mortgages,,2Year Fixed,25000.0,Offline,10,Variable,2.64%,3.6%,72000,20%,New Purchase,Primary Residence,Principal + Interest,2,moneysupermarket.com
 2018-05-30,UK,London,NatWest,GBP,Bank,Mortgages,Mortgages,,2Year Fixed,25000.0,Offline,10,Variable,2.94%,3.7%,72000,20%,New Purchase,Primary Residence,Principal + Interest,2,moneysupermarket.com
 2018-05-30,UK,London,Royal Bank Of Scotland,GBP,Bank,Mortgages,Mortgages,,2Year Fixed,25000.0,Offline,10,Variable,2.94%,3.7%,72000,20%,New Purchase,Primary Residence,Principal + Interest,2,moneysupermarket.com
 2018-05-30,UK,London,HSBC,GBP,Bank,Mortgages,Mortgages,,10Year Fixed,10000.0,Offline,10,Variable,2.99%,3.0%,72000,20%,New Purchase,Primary Residence,Principal + Interest,10,moneysupermarket.com
 2018-05-30,UK,London,Lloyds Bank,GBP,Bank,Mortgages,Mortgages,,2Year Fixed,5000.0,Offline,10,Variable,3.04%,4.0%,72000,20%,New Purchase,Primary Residence,Principal + Interest,2,moneysupermarket.com
 2018-05-30,UK,London,NatWest,GBP,Bank,Mortgages,Mortgages,,5Year Fixed,25000.0,Offline,10,Variable,3.38%,3.6%,72000,20%,New Purchase,Primary Residence,Principal + Interest,5,moneysupermarket.com
 2018-05-30,UK,London,Royal Bank Of Scotland,GBP,Bank,Mortgages,Mortgages,,5Year Fixed,25000.0,Offline,10,Variable,3.38%,3.6%,72000,20%,New Purchase,Primary Residence,Principal + Interest,5,moneysupermarket.com
 2018-05-30,UK,London,Virgin Money Plc.,GBP,Bank,Mortgages,Mortgages,,2Year Tracker,0.0,Offline,10,Variable,3.69%,4.8%,72000,20%,New Purchase,Primary Residence,Principal + Interest,2,moneysupermarket.com
 2018-05-30,UK,London,HSBC,GBP,Bank,Mortgages,Mortgages,,2Year Tracker With Fee,10000.0,Offline,15,Variable,1.39%,3.3%,72000,20%,New Purchase,Primary Residence,Principal + Interest,2,moneysupermarket.com
 2018-05-30,UK,London,HSBC,GBP,Bank,Mortgages,Mortgages,,2Year Fixed With Fee,10000.0,Offline,15,Variable,1.54%,3.3%,72000,20%,New Purchase,Primary Residence,Principal + Interest,2,moneysupermarket.com
 2018-05-30,UK,London,TSB,GBP,Bank,Mortgages,Mortgages,,2Year Fixed,5000.0,Offline,15,Variable,1.59%,3.5%,72000,20%,New Purchase,Primary Residence,Principal + Interest,2,moneysupermarket.com
 2018-05-30,UK,London,Barclays,GBP,Bank,Mortgages,Mortgages,,2Year Fixed,25000.0,Offline,15,Variable,1.6%,3.3%,72000,20%,New Purchase,Primary Residence,Principal + Interest,2,moneysupermarket.com
 2018-05-30,UK,London,TSB,GBP,Bank,Mortgages,Mortgages,,2Year Fixed,5000.0,Offline,15,Variable,1.59%,3.5%,72000,20%,New Purchase,Primary Residence,Principal + Interest,2,moneysupermarket.com
 2018-05-30,UK,London,Barclays,GBP,Bank,Mortgages,Mortgages,,2Year Fixed,25000.0,Offline,15,Variable,1.6%,3.3%,72000,20%,New Purchase,Primary Residence,Principal + Interest,2,moneysupermarket.com
 2018-05-30,UK,London,Virgin Money Plc.,GBP,Bank,Mortgages,Mortgages,,2Year Tracker,0.0,Offline,15,Variable,1.74%,3.9%,72000,20%,New Purchase,Primary Residence,Principal + Interest,2,moneysupermarket.com
 2018-05-30,UK,London,TSB,GBP,Bank,Mortgages,Mortgages,,2Year Fixed,5000.0,Offline,15,Variable,1.79%,3.5%,72000,20%,New Purchase,Primary Residence,Principal + Interest,2,moneysupermarket.com
 2018-05-30,UK,London,Barclays,GBP,Bank,Mortgages,Mortgages,,2Year Fixed,25000.0,Offline,15,Variable,1.82%,3.2%,72000,20%,New Purchase,Primary Residence,Principal + Interest,2,moneysupermarket.com
 2018-05-30,UK,London,HSBC,GBP,Bank,Mortgages,Mortgages,,2Year Fixed,10000.0,Offline,15,Variable,1.94%,3.2%,72000,20%,New Purchase,Primary Residence,Principal + Interest,2,moneysupermarket.com
 2018-05-30,UK,London,Metro Bank,GBP,Bank,Mortgages,Mortgages,,3Year Fixed With Fee,50000.0,Offline,15,Variable,1.94%,3.4%,72000,20%,New Purchase,Primary Residence,Principal + Interest,3,moneysupermarket.com
 2018-05-30,UK,London,Metro Bank,GBP,Bank,Mortgages,Mortgages,,2Year Fixed With Fee,50000.0,Offline,15,Variable,1.94%,3.7%,72000,20%,New Purchase,Primary Residence,Principal + Interest,2,moneysupermarket.com
 2018-05-30,UK,London,Virgin Money Plc.,GBP,Bank,Mortgages,Mortgages,,2Year Tracker,0.0,Offline,15,Variable,1.99%,4.0%,72000,20%,New Purchase,Primary Residence,Principal + Interest,2,moneysupermarket.com
 2018-05-30,UK,London,HSBC,GBP,Bank,Mortgages,Mortgages,,3Year Fixed,10000.0,Offline,15,Variable,2.09%,3.0%,72000,20%,New Purchase,Primary Residence,Principal + Interest,3,moneysupermarket.com
 2018-05-30,UK,London,TSB,GBP,Bank,Mortgages,Mortgages,,2Year Fixed,5000.0,Offline,15,Variable,2.09%,3.4%,72000,20%,New Purchase,Primary Residence,Principal + Interest,2,moneysupermarket.com
 2018-05-30,UK,London,NatWest,GBP,Bank,Mortgages,Mortgages,,5Year Fixed With Fee,25000.0,Offline,15,Variable,2.1%,2.9%,72000,20%,New Purchase,Primary Residence,Principal + Interest,5,moneysupermarket.com
 2018-05-30,UK,London,Royal Bank Of Scotland,GBP,Bank,Mortgages,Mortgages,,5Year Fixed With Fee,25000.0,Offline,15,Variable,2.1%,2.9%,72000,20%,New Purchase,Primary Residence,Principal + Interest,5,moneysupermarket.com
 2018-05-30,UK,London,TSB,GBP,Bank,Mortgages,Mortgages,,5Year Fixed,5000.0,Offline,15,Variable,2.14%,2.9%,72000,20%,New Purchase,Primary Residence,Principal + Interest,5,moneysupermarket.com
 2018-05-30,UK,London,Barclays,GBP,Bank,Mortgages,Mortgages,,5Year Fixed,25000.0,Offline,15,Variable,2.15%,2.8%,72000,20%,New Purchase,Primary Residence,Principal + Interest,5,moneysupermarket.com
 2018-05-30,UK,London,HSBC,GBP,Bank,Mortgages,Mortgages,,5Year Fixed,10000.0,Offline,15,Variable,2.29%,2.7%,72000,20%,New Purchase,Primary Residence,Principal + Interest,5,moneysupermarket.com
 2018-05-30,UK,London,Barclays,GBP,Bank,Mortgages,Mortgages,,5Year Fixed,25000.0,Offline,15,Variable,2.34%,2.8%,72000,20%,New Purchase,Primary Residence,Principal + Interest,5,moneysupermarket.com
 2018-05-30,UK,London,NatWest,GBP,Bank,Mortgages,Mortgages,,2Year Fixed,25000.0,Offline,15,Variable,2.64%,3.6%,72000,20%,New Purchase,Primary Residence,Principal + Interest,2,moneysupermarket.com
 2018-05-30,UK,London,Royal Bank Of Scotland,GBP,Bank,Mortgages,Mortgages,,2Year Fixed,25000.0,Offline,15,Variable,2.64%,3.6%,72000,20%,New Purchase,Primary Residence,Principal + Interest,2,moneysupermarket.com
 2018-05-30,UK,London,NatWest,GBP,Bank,Mortgages,Mortgages,,2Year Fixed,25000.0,Offline,15,Variable,2.94%,3.7%,72000,20%,New Purchase,Primary Residence,Principal + Interest,2,moneysupermarket.com
 2018-05-30,UK,London,Royal Bank Of Scotland,GBP,Bank,Mortgages,Mortgages,,2Year Fixed,25000.0,Offline,15,Variable,2.94%,3.7%,72000,20%,New Purchase,Primary Residence,Principal + Interest,2,moneysupermarket.com
 2018-05-30,UK,London,HSBC,GBP,Bank,Mortgages,Mortgages,,10Year Fixed,10000.0,Offline,15,Variable,2.99%,3.0%,72000,20%,New Purchase,Primary Residence,Principal + Interest,10,moneysupermarket.com
 2018-05-30,UK,London,Lloyds Bank,GBP,Bank,Mortgages,Mortgages,,2Year Fixed,5000.0,Offline,15,Variable,3.04%,4.0%,72000,20%,New Purchase,Primary Residence,Principal + Interest,2,moneysupermarket.com
 2018-05-30,UK,London,NatWest,GBP,Bank,Mortgages,Mortgages,,5Year Fixed,25000.0,Offline,15,Variable,3.38%,3.6%,72000,20%,New Purchase,Primary Residence,Principal + Interest,5,moneysupermarket.com
 2018-05-30,UK,London,Royal Bank Of Scotland,GBP,Bank,Mortgages,Mortgages,,5Year Fixed,25000.0,Offline,15,Variable,3.38%,3.6%,72000,20%,New Purchase,Primary Residence,Principal + Interest,5,moneysupermarket.com
 2018-05-30,UK,London,Virgin Money Plc.,GBP,Bank,Mortgages,Mortgages,,2Year Tracker,0.0,Offline,15,Variable,3.69%,4.8%,72000,20%,New Purchase,Primary Residence,Principal + Interest,2,moneysupermarket.com
 2018-05-30,UK,London,HSBC,GBP,Bank,Mortgages,Mortgages,,2Year Tracker With Fee,10000.0,Offline,25,Variable,1.39%,3.3%,72000,20%,New Purchase,Primary Residence,Principal + Interest,2,moneysupermarket.com
 2018-05-30,UK,London,HSBC,GBP,Bank,Mortgages,Mortgages,,2Year Fixed With Fee,10000.0,Offline,25,Variable,1.54%,3.3%,72000,20%,New Purchase,Primary Residence,Principal + Interest,2,moneysupermarket.com
 2018-05-30,UK,London,TSB,GBP,Bank,Mortgages,Mortgages,,2Year Fixed,5000.0,Offline,25,Variable,1.59%,3.5%,72000,20%,New Purchase,Primary Residence,Principal + Interest,2,moneysupermarket.com
 2018-05-30,UK,London,Barclays,GBP,Bank,Mortgages,Mortgages,,2Year Fixed,25000.0,Offline,25,Variable,1.6%,3.3%,72000,20%,New Purchase,Primary Residence,Principal + Interest,2,moneysupermarket.com
 2018-05-30,UK,London,TSB,GBP,Bank,Mortgages,Mortgages,,2Year Fixed,5000.0,Offline,25,Variable,1.59%,3.5%,72000,20%,New Purchase,Primary Residence,Principal + Interest,2,moneysupermarket.com
 2018-05-30,UK,London,Barclays,GBP,Bank,Mortgages,Mortgages,,2Year Fixed,25000.0,Offline,25,Variable,1.6%,3.3%,72000,20%,New Purchase,Primary Residence,Principal + Interest,2,moneysupermarket.com
 2018-05-30,UK,London,Virgin Money Plc.,GBP,Bank,Mortgages,Mortgages,,2Year Tracker,0.0,Offline,25,Variable,1.74%,3.9%,72000,20%,New Purchase,Primary Residence,Principal + Interest,2,moneysupermarket.com
 2018-05-30,UK,London,TSB,GBP,Bank,Mortgages,Mortgages,,2Year Fixed,5000.0,Offline,25,Variable,1.79%,3.5%,72000,20%,New Purchase,Primary Residence,Principal + Interest,2,moneysupermarket.com
 2018-05-30,UK,London,Barclays,GBP,Bank,Mortgages,Mortgages,,2Year Fixed,25000.0,Offline,25,Variable,1.82%,3.2%,72000,20%,New Purchase,Primary Residence,Principal + Interest,2,moneysupermarket.com
 2018-05-30,UK,London,HSBC,GBP,Bank,Mortgages,Mortgages,,2Year Fixed,10000.0,Offline,25,Variable,1.94%,3.2%,72000,20%,New Purchase,Primary Residence,Principal + Interest,2,moneysupermarket.com
 2018-05-30,UK,London,Metro Bank,GBP,Bank,Mortgages,Mortgages,,3Year Fixed With Fee,50000.0,Offline,25,Variable,1.94%,3.4%,72000,20%,New Purchase,Primary Residence,Principal + Interest,3,moneysupermarket.com
 2018-05-30,UK,London,Metro Bank,GBP,Bank,Mortgages,Mortgages,,2Year Fixed With Fee,50000.0,Offline,25,Variable,1.94%,3.7%,72000,20%,New Purchase,Primary Residence,Principal + Interest,2,moneysupermarket.com
 2018-05-30,UK,London,Virgin Money Plc.,GBP,Bank,Mortgages,Mortgages,,2Year Tracker,0.0,Offline,25,Variable,1.99%,4.0%,72000,20%,New Purchase,Primary Residence,Principal + Interest,2,moneysupermarket.com
 2018-05-30,UK,London,HSBC,GBP,Bank,Mortgages,Mortgages,,3Year Fixed,10000.0,Offline,25,Variable,2.09%,3.0%,72000,20%,New Purchase,Primary Residence,Principal + Interest,3,moneysupermarket.com
 2018-05-30,UK,London,TSB,GBP,Bank,Mortgages,Mortgages,,2Year Fixed,5000.0,Offline,25,Variable,2.09%,3.4%,72000,20%,New Purchase,Primary Residence,Principal + Interest,2,moneysupermarket.com
 2018-05-30,UK,London,NatWest,GBP,Bank,Mortgages,Mortgages,,5Year Fixed With Fee,25000.0,Offline,25,Variable,2.1%,2.9%,72000,20%,New Purchase,Primary Residence,Principal + Interest,5,moneysupermarket.com
 2018-05-30,UK,London,Royal Bank Of Scotland,GBP,Bank,Mortgages,Mortgages,,5Year Fixed With Fee,25000.0,Offline,25,Variable,2.1%,2.9%,72000,20%,New Purchase,Primary Residence,Principal + Interest,5,moneysupermarket.com
 2018-05-30,UK,London,TSB,GBP,Bank,Mortgages,Mortgages,,5Year Fixed,5000.0,Offline,25,Variable,2.14%,2.9%,72000,20%,New Purchase,Primary Residence,Principal + Interest,5,moneysupermarket.com
 2018-05-30,UK,London,Barclays,GBP,Bank,Mortgages,Mortgages,,5Year Fixed,25000.0,Offline,25,Variable,2.15%,2.8%,72000,20%,New Purchase,Primary Residence,Principal + Interest,5,moneysupermarket.com
 2018-05-30,UK,London,HSBC,GBP,Bank,Mortgages,Mortgages,,5Year Fixed,10000.0,Offline,25,Variable,2.29%,2.7%,72000,20%,New Purchase,Primary Residence,Principal + Interest,5,moneysupermarket.com
 2018-05-30,UK,London,Barclays,GBP,Bank,Mortgages,Mortgages,,5Year Fixed,25000.0,Offline,25,Variable,2.34%,2.8%,72000,20%,New Purchase,Primary Residence,Principal + Interest,5,moneysupermarket.com
 2018-05-30,UK,London,NatWest,GBP,Bank,Mortgages,Mortgages,,2Year Fixed,25000.0,Offline,25,Variable,2.64%,3.6%,72000,20%,New Purchase,Primary Residence,Principal + Interest,2,moneysupermarket.com
 2018-05-30,UK,London,Royal Bank Of Scotland,GBP,Bank,Mortgages,Mortgages,,2Year Fixed,25000.0,Offline,25,Variable,2.64%,3.6%,72000,20%,New Purchase,Primary Residence,Principal + Interest,2,moneysupermarket.com
 2018-05-30,UK,London,NatWest,GBP,Bank,Mortgages,Mortgages,,2Year Fixed,25000.0,Offline,25,Variable,2.94%,3.7%,72000,20%,New Purchase,Primary Residence,Principal + Interest,2,moneysupermarket.com
 2018-05-30,UK,London,Royal Bank Of Scotland,GBP,Bank,Mortgages,Mortgages,,2Year Fixed,25000.0,Offline,25,Variable,2.94%,3.7%,72000,20%,New Purchase,Primary Residence,Principal + Interest,2,moneysupermarket.com
 2018-05-30,UK,London,HSBC,GBP,Bank,Mortgages,Mortgages,,10Year Fixed,10000.0,Offline,25,Variable,2.99%,3.0%,72000,20%,New Purchase,Primary Residence,Principal + Interest,10,moneysupermarket.com
 2018-05-30,UK,London,Lloyds Bank,GBP,Bank,Mortgages,Mortgages,,2Year Fixed,5000.0,Offline,25,Variable,3.04%,4.0%,72000,20%,New Purchase,Primary Residence,Principal + Interest,2,moneysupermarket.com
 2018-05-30,UK,London,NatWest,GBP,Bank,Mortgages,Mortgages,,5Year Fixed,25000.0,Offline,25,Variable,3.38%,3.6%,72000,20%,New Purchase,Primary Residence,Principal + Interest,5,moneysupermarket.com
 2018-05-30,UK,London,Royal Bank Of Scotland,GBP,Bank,Mortgages,Mortgages,,5Year Fixed,25000.0,Offline,25,Variable,3.38%,3.6%,72000,20%,New Purchase,Primary Residence,Principal + Interest,5,moneysupermarket.com
 2018-05-30,UK,London,Virgin Money Plc.,GBP,Bank,Mortgages,Mortgages,,2Year Tracker,0.0,Offline,25,Variable,3.69%,4.8%,72000,20%,New Purchase,Primary Residence,Principal + Interest,2,moneysupermarket.com
 2018-05-30,UK,London,HSBC,GBP,Bank,Mortgages,Mortgages,,2Year Tracker With Fee,10000.0,Offline,30,Variable,1.39%,3.3%,72000,20%,New Purchase,Primary Residence,Principal + Interest,2,moneysupermarket.com
 2018-05-30,UK,London,HSBC,GBP,Bank,Mortgages,Mortgages,,2Year Fixed With Fee,10000.0,Offline,30,Variable,1.54%,3.3%,72000,20%,New Purchase,Primary Residence,Principal + Interest,2,moneysupermarket.com
 2018-05-30,UK,London,TSB,GBP,Bank,Mortgages,Mortgages,,2Year Fixed,5000.0,Offline,30,Variable,1.59%,3.5%,72000,20%,New Purchase,Primary Residence,Principal + Interest,2,moneysupermarket.com
 2018-05-30,UK,London,Barclays,GBP,Bank,Mortgages,Mortgages,,2Year Fixed,25000.0,Offline,30,Variable,1.6%,3.3%,72000,20%,New Purchase,Primary Residence,Principal + Interest,2,moneysupermarket.com
 2018-05-30,UK,London,TSB,GBP,Bank,Mortgages,Mortgages,,2Year Fixed,5000.0,Offline,30,Variable,1.59%,3.5%,72000,20%,New Purchase,Primary Residence,Principal + Interest,2,moneysupermarket.com
 2018-05-30,UK,London,Barclays,GBP,Bank,Mortgages,Mortgages,,2Year Fixed,25000.0,Offline,30,Variable,1.6%,3.3%,72000,20%,New Purchase,Primary Residence,Principal + Interest,2,moneysupermarket.com
 2018-05-30,UK,London,Virgin Money Plc.,GBP,Bank,Mortgages,Mortgages,,2Year Tracker,0.0,Offline,30,Variable,1.74%,3.9%,72000,20%,New Purchase,Primary Residence,Principal + Interest,2,moneysupermarket.com
 2018-05-30,UK,London,TSB,GBP,Bank,Mortgages,Mortgages,,2Year Fixed,5000.0,Offline,30,Variable,1.79%,3.5%,72000,20%,New Purchase,Primary Residence,Principal + Interest,2,moneysupermarket.com
 2018-05-30,UK,London,Barclays,GBP,Bank,Mortgages,Mortgages,,2Year Fixed,25000.0,Offline,30,Variable,1.82%,3.2%,72000,20%,New Purchase,Primary Residence,Principal + Interest,2,moneysupermarket.com
 2018-05-30,UK,London,HSBC,GBP,Bank,Mortgages,Mortgages,,2Year Fixed,10000.0,Offline,30,Variable,1.94%,3.2%,72000,20%,New Purchase,Primary Residence,Principal + Interest,2,moneysupermarket.com
 2018-05-30,UK,London,Metro Bank,GBP,Bank,Mortgages,Mortgages,,3Year Fixed With Fee,50000.0,Offline,30,Variable,1.94%,3.4%,72000,20%,New Purchase,Primary Residence,Principal + Interest,3,moneysupermarket.com
 2018-05-30,UK,London,Metro Bank,GBP,Bank,Mortgages,Mortgages,,2Year Fixed With Fee,50000.0,Offline,30,Variable,1.94%,3.7%,72000,20%,New Purchase,Primary Residence,Principal + Interest,2,moneysupermarket.com
 2018-05-30,UK,London,Virgin Money Plc.,GBP,Bank,Mortgages,Mortgages,,2Year Tracker,0.0,Offline,30,Variable,1.99%,4.0%,72000,20%,New Purchase,Primary Residence,Principal + Interest,2,moneysupermarket.com
 2018-05-30,UK,London,HSBC,GBP,Bank,Mortgages,Mortgages,,3Year Fixed,10000.0,Offline,30,Variable,2.09%,3.0%,72000,20%,New Purchase,Primary Residence,Principal + Interest,3,moneysupermarket.com
 2018-05-30,UK,London,TSB,GBP,Bank,Mortgages,Mortgages,,2Year Fixed,5000.0,Offline,30,Variable,2.09%,3.4%,72000,20%,New Purchase,Primary Residence,Principal + Interest,2,moneysupermarket.com
 2018-05-30,UK,London,NatWest,GBP,Bank,Mortgages,Mortgages,,5Year Fixed With Fee,25000.0,Offline,30,Variable,2.1%,2.9%,72000,20%,New Purchase,Primary Residence,Principal + Interest,5,moneysupermarket.com
 2018-05-30,UK,London,Royal Bank Of Scotland,GBP,Bank,Mortgages,Mortgages,,5Year Fixed With Fee,25000.0,Offline,30,Variable,2.1%,2.9%,72000,20%,New Purchase,Primary Residence,Principal + Interest,5,moneysupermarket.com
 2018-05-30,UK,London,TSB,GBP,Bank,Mortgages,Mortgages,,5Year Fixed,5000.0,Offline,30,Variable,2.14%,2.9%,72000,20%,New Purchase,Primary Residence,Principal + Interest,5,moneysupermarket.com
 2018-05-30,UK,London,Barclays,GBP,Bank,Mortgages,Mortgages,,5Year Fixed,25000.0,Offline,30,Variable,2.15%,2.8%,72000,20%,New Purchase,Primary Residence,Principal + Interest,5,moneysupermarket.com
 2018-05-30,UK,London,HSBC,GBP,Bank,Mortgages,Mortgages,,5Year Fixed,10000.0,Offline,30,Variable,2.29%,2.7%,72000,20%,New Purchase,Primary Residence,Principal + Interest,5,moneysupermarket.com
 2018-05-30,UK,London,Barclays,GBP,Bank,Mortgages,Mortgages,,5Year Fixed,25000.0,Offline,30,Variable,2.34%,2.8%,72000,20%,New Purchase,Primary Residence,Principal + Interest,5,moneysupermarket.com
 2018-05-30,UK,London,NatWest,GBP,Bank,Mortgages,Mortgages,,2Year Fixed,25000.0,Offline,30,Variable,2.64%,3.6%,72000,20%,New Purchase,Primary Residence,Principal + Interest,2,moneysupermarket.com
 2018-05-30,UK,London,Royal Bank Of Scotland,GBP,Bank,Mortgages,Mortgages,,2Year Fixed,25000.0,Offline,30,Variable,2.64%,3.6%,72000,20%,New Purchase,Primary Residence,Principal + Interest,2,moneysupermarket.com
 2018-05-30,UK,London,NatWest,GBP,Bank,Mortgages,Mortgages,,2Year Fixed,25000.0,Offline,30,Variable,2.94%,3.7%,72000,20%,New Purchase,Primary Residence,Principal + Interest,2,moneysupermarket.com
 2018-05-30,UK,London,Royal Bank Of Scotland,GBP,Bank,Mortgages,Mortgages,,2Year Fixed,25000.0,Offline,30,Variable,2.94%,3.7%,72000,20%,New Purchase,Primary Residence,Principal + Interest,2,moneysupermarket.com
 2018-05-30,UK,London,HSBC,GBP,Bank,Mortgages,Mortgages,,10Year Fixed,10000.0,Offline,30,Variable,2.99%,3.0%,72000,20%,New Purchase,Primary Residence,Principal + Interest,10,moneysupermarket.com
 2018-05-30,UK,London,Lloyds Bank,GBP,Bank,Mortgages,Mortgages,,2Year Fixed,5000.0,Offline,30,Variable,3.04%,4.0%,72000,20%,New Purchase,Primary Residence,Principal + Interest,2,moneysupermarket.com
 2018-05-30,UK,London,NatWest,GBP,Bank,Mortgages,Mortgages,,5Year Fixed,25000.0,Offline,30,Variable,3.38%,3.6%,72000,20%,New Purchase,Primary Residence,Principal + Interest,5,moneysupermarket.com
 2018-05-30,UK,London,Royal Bank Of Scotland,GBP,Bank,Mortgages,Mortgages,,5Year Fixed,25000.0,Offline,30,Variable,3.38%,3.6%,72000,20%,New Purchase,Primary Residence,Principal + Interest,5,moneysupermarket.com
 2018-05-30,UK,London,Virgin Money Plc.,GBP,Bank,Mortgages,Mortgages,,2Year Tracker,0.0,Offline,30,Variable,3.69%,4.8%,72000,20%,New Purchase,Primary Residence,Principal + Interest,2,moneysupermarket.com
 2018-05-30,UK,London,HSBC,GBP,Bank,Mortgages,Mortgages,,2Year Tracker With Fee,10000.0,Offline,10,Variable,1.39%,3.3%,216000,20%,New Purchase,Primary Residence,Principal + Interest,2,moneysupermarket.com
 2018-05-30,UK,London,HSBC,GBP,Bank,Mortgages,Mortgages,,2Year Fixed With Fee,10000.0,Offline,10,Variable,1.54%,3.3%,216000,20%,New Purchase,Primary Residence,Principal + Interest,2,moneysupermarket.com
 2018-05-30,UK,London,TSB,GBP,Bank,Mortgages,Mortgages,,2Year Fixed,5000.0,Offline,10,Variable,1.59%,3.5%,216000,20%,New Purchase,Primary Residence,Principal + Interest,2,moneysupermarket.com
 2018-05-30,UK,London,Barclays,GBP,Bank,Mortgages,Mortgages,,2Year Fixed,25000.0,Offline,10,Variable,1.6%,3.3%,216000,20%,New Purchase,Primary Residence,Principal + Interest,2,moneysupermarket.com
 2018-05-30,UK,London,TSB,GBP,Bank,Mortgages,Mortgages,,2Year Fixed,5000.0,Offline,10,Variable,1.59%,3.5%,216000,20%,New Purchase,Primary Residence,Principal + Interest,2,moneysupermarket.com
 2018-05-30,UK,London,Barclays,GBP,Bank,Mortgages,Mortgages,,2Year Fixed,25000.0,Offline,10,Variable,1.6%,3.3%,216000,20%,New Purchase,Primary Residence,Principal + Interest,2,moneysupermarket.com
 2018-05-30,UK,London,Virgin Money Plc.,GBP,Bank,Mortgages,Mortgages,,2Year Tracker,0.0,Offline,10,Variable,1.74%,3.9%,216000,20%,New Purchase,Primary Residence,Principal + Interest,2,moneysupermarket.com
 2018-05-30,UK,London,TSB,GBP,Bank,Mortgages,Mortgages,,2Year Fixed,5000.0,Offline,10,Variable,1.79%,3.5%,216000,20%,New Purchase,Primary Residence,Principal + Interest,2,moneysupermarket.com
 2018-05-30,UK,London,Barclays,GBP,Bank,Mortgages,Mortgages,,2Year Fixed,25000.0,Offline,10,Variable,1.82%,3.2%,216000,20%,New Purchase,Primary Residence,Principal + Interest,2,moneysupermarket.com
 2018-05-30,UK,London,HSBC,GBP,Bank,Mortgages,Mortgages,,2Year Fixed,10000.0,Offline,10,Variable,1.94%,3.2%,216000,20%,New Purchase,Primary Residence,Principal + Interest,2,moneysupermarket.com
 2018-05-30,UK,London,Metro Bank,GBP,Bank,Mortgages,Mortgages,,3Year Fixed With Fee,50000.0,Offline,10,Variable,1.94%,3.4%,216000,20%,New Purchase,Primary Residence,Principal + Interest,3,moneysupermarket.com
 2018-05-30,UK,London,Metro Bank,GBP,Bank,Mortgages,Mortgages,,2Year Fixed With Fee,50000.0,Offline,10,Variable,1.94%,3.7%,216000,20%,New Purchase,Primary Residence,Principal + Interest,2,moneysupermarket.com
 2018-05-30,UK,London,Virgin Money Plc.,GBP,Bank,Mortgages,Mortgages,,2Year Tracker,0.0,Offline,10,Variable,1.99%,4.0%,216000,20%,New Purchase,Primary Residence,Principal + Interest,2,moneysupermarket.com
 2018-05-30,UK,London,HSBC,GBP,Bank,Mortgages,Mortgages,,3Year Fixed,10000.0,Offline,10,Variable,2.09%,3.0%,216000,20%,New Purchase,Primary Residence,Principal + Interest,3,moneysupermarket.com
 2018-05-30,UK,London,TSB,GBP,Bank,Mortgages,Mortgages,,2Year Fixed,5000.0,Offline,10,Variable,2.09%,3.4%,216000,20%,New Purchase,Primary Residence,Principal + Interest,2,moneysupermarket.com
 2018-05-30,UK,London,NatWest,GBP,Bank,Mortgages,Mortgages,,5Year Fixed With Fee,25000.0,Offline,10,Variable,2.1%,2.9%,216000,20%,New Purchase,Primary Residence,Principal + Interest,5,moneysupermarket.com
 2018-05-30,UK,London,Royal Bank Of Scotland,GBP,Bank,Mortgages,Mortgages,,5Year Fixed With Fee,25000.0,Offline,10,Variable,2.1%,2.9%,216000,20%,New Purchase,Primary Residence,Principal + Interest,5,moneysupermarket.com
 2018-05-30,UK,London,TSB,GBP,Bank,Mortgages,Mortgages,,5Year Fixed,5000.0,Offline,10,Variable,2.14%,2.9%,216000,20%,New Purchase,Primary Residence,Principal + Interest,5,moneysupermarket.com
 2018-05-30,UK,London,Barclays,GBP,Bank,Mortgages,Mortgages,,5Year Fixed,25000.0,Offline,10,Variable,2.15%,2.8%,216000,20%,New Purchase,Primary Residence,Principal + Interest,5,moneysupermarket.com
 2018-05-30,UK,London,HSBC,GBP,Bank,Mortgages,Mortgages,,5Year Fixed,10000.0,Offline,10,Variable,2.29%,2.7%,216000,20%,New Purchase,Primary Residence,Principal + Interest,5,moneysupermarket.com
 2018-05-30,UK,London,Barclays,GBP,Bank,Mortgages,Mortgages,,5Year Fixed,25000.0,Offline,10,Variable,2.34%,2.8%,216000,20%,New Purchase,Primary Residence,Principal + Interest,5,moneysupermarket.com
 2018-05-30,UK,London,NatWest,GBP,Bank,Mortgages,Mortgages,,2Year Fixed,25000.0,Offline,10,Variable,2.64%,3.6%,216000,20%,New Purchase,Primary Residence,Principal + Interest,2,moneysupermarket.com
 2018-05-30,UK,London,Royal Bank Of Scotland,GBP,Bank,Mortgages,Mortgages,,2Year Fixed,25000.0,Offline,10,Variable,2.64%,3.6%,216000,20%,New Purchase,Primary Residence,Principal + Interest,2,moneysupermarket.com
 2018-05-30,UK,London,NatWest,GBP,Bank,Mortgages,Mortgages,,2Year Fixed,25000.0,Offline,10,Variable,2.94%,3.7%,216000,20%,New Purchase,Primary Residence,Principal + Interest,2,moneysupermarket.com
 2018-05-30,UK,London,Royal Bank Of Scotland,GBP,Bank,Mortgages,Mortgages,,2Year Fixed,25000.0,Offline,10,Variable,2.94%,3.7%,216000,20%,New Purchase,Primary Residence,Principal + Interest,2,moneysupermarket.com
 2018-05-30,UK,London,HSBC,GBP,Bank,Mortgages,Mortgages,,10Year Fixed,10000.0,Offline,10,Variable,2.99%,3.0%,216000,20%,New Purchase,Primary Residence,Principal + Interest,10,moneysupermarket.com
 2018-05-30,UK,London,Lloyds Bank,GBP,Bank,Mortgages,Mortgages,,2Year Fixed,5000.0,Offline,10,Variable,3.04%,4.0%,216000,20%,New Purchase,Primary Residence,Principal + Interest,2,moneysupermarket.com
 2018-05-30,UK,London,NatWest,GBP,Bank,Mortgages,Mortgages,,5Year Fixed,25000.0,Offline,10,Variable,3.38%,3.6%,216000,20%,New Purchase,Primary Residence,Principal + Interest,5,moneysupermarket.com
 2018-05-30,UK,London,Royal Bank Of Scotland,GBP,Bank,Mortgages,Mortgages,,5Year Fixed,25000.0,Offline,10,Variable,3.38%,3.6%,216000,20%,New Purchase,Primary Residence,Principal + Interest,5,moneysupermarket.com
 2018-05-30,UK,London,Virgin Money Plc.,GBP,Bank,Mortgages,Mortgages,,2Year Tracker,0.0,Offline,10,Variable,3.69%,4.8%,216000,20%,New Purchase,Primary Residence,Principal + Interest,2,moneysupermarket.com
 2018-05-30,UK,London,HSBC,GBP,Bank,Mortgages,Mortgages,,2Year Tracker With Fee,10000.0,Offline,15,Variable,1.39%,3.3%,216000,20%,New Purchase,Primary Residence,Principal + Interest,2,moneysupermarket.com
 2018-05-30,UK,London,HSBC,GBP,Bank,Mortgages,Mortgages,,2Year Fixed With Fee,10000.0,Offline,15,Variable,1.54%,3.3%,216000,20%,New Purchase,Primary Residence,Principal + Interest,2,moneysupermarket.com
 2018-05-30,UK,London,TSB,GBP,Bank,Mortgages,Mortgages,,2Year Fixed,5000.0,Offline,15,Variable,1.59%,3.5%,216000,20%,New Purchase,Primary Residence,Principal + Interest,2,moneysupermarket.com
 2018-05-30,UK,London,Barclays,GBP,Bank,Mortgages,Mortgages,,2Year Fixed,25000.0,Offline,15,Variable,1.6%,3.3%,216000,20%,New Purchase,Primary Residence,Principal + Interest,2,moneysupermarket.com
 2018-05-30,UK,London,TSB,GBP,Bank,Mortgages,Mortgages,,2Year Fixed,5000.0,Offline,15,Variable,1.59%,3.5%,216000,20%,New Purchase,Primary Residence,Principal + Interest,2,moneysupermarket.com
 2018-05-30,UK,London,Barclays,GBP,Bank,Mortgages,Mortgages,,2Year Fixed,25000.0,Offline,15,Variable,1.6%,3.3%,216000,20%,New Purchase,Primary Residence,Principal + Interest,2,moneysupermarket.com
 2018-05-30,UK,London,Virgin Money Plc.,GBP,Bank,Mortgages,Mortgages,,2Year Tracker,0.0,Offline,15,Variable,1.74%,3.9%,216000,20%,New Purchase,Primary Residence,Principal + Interest,2,moneysupermarket.com
 2018-05-30,UK,London,TSB,GBP,Bank,Mortgages,Mortgages,,2Year Fixed,5000.0,Offline,15,Variable,1.79%,3.5%,216000,20%,New Purchase,Primary Residence,Principal + Interest,2,moneysupermarket.com
 2018-05-30,UK,London,Barclays,GBP,Bank,Mortgages,Mortgages,,2Year Fixed,25000.0,Offline,15,Variable,1.82%,3.2%,216000,20%,New Purchase,Primary Residence,Principal + Interest,2,moneysupermarket.com
 2018-05-30,UK,London,HSBC,GBP,Bank,Mortgages,Mortgages,,2Year Fixed,10000.0,Offline,15,Variable,1.94%,3.2%,216000,20%,New Purchase,Primary Residence,Principal + Interest,2,moneysupermarket.com
 2018-05-30,UK,London,Metro Bank,GBP,Bank,Mortgages,Mortgages,,3Year Fixed With Fee,50000.0,Offline,15,Variable,1.94%,3.4%,216000,20%,New Purchase,Primary Residence,Principal + Interest,3,moneysupermarket.com
 2018-05-30,UK,London,Metro Bank,GBP,Bank,Mortgages,Mortgages,,2Year Fixed With Fee,50000.0,Offline,15,Variable,1.94%,3.7%,216000,20%,New Purchase,Primary Residence,Principal + Interest,2,moneysupermarket.com
 2018-05-30,UK,London,Virgin Money Plc.,GBP,Bank,Mortgages,Mortgages,,2Year Tracker,0.0,Offline,15,Variable,1.99%,4.0%,216000,20%,New Purchase,Primary Residence,Principal + Interest,2,moneysupermarket.com
 2018-05-30,UK,London,HSBC,GBP,Bank,Mortgages,Mortgages,,3Year Fixed,10000.0,Offline,15,Variable,2.09%,3.0%,216000,20%,New Purchase,Primary Residence,Principal + Interest,3,moneysupermarket.com
 2018-05-30,UK,London,TSB,GBP,Bank,Mortgages,Mortgages,,2Year Fixed,5000.0,Offline,15,Variable,2.09%,3.4%,216000,20%,New Purchase,Primary Residence,Principal + Interest,2,moneysupermarket.com
 2018-05-30,UK,London,NatWest,GBP,Bank,Mortgages,Mortgages,,5Year Fixed With Fee,25000.0,Offline,15,Variable,2.1%,2.9%,216000,20%,New Purchase,Primary Residence,Principal + Interest,5,moneysupermarket.com
 2018-05-30,UK,London,Royal Bank Of Scotland,GBP,Bank,Mortgages,Mortgages,,5Year Fixed With Fee,25000.0,Offline,15,Variable,2.1%,2.9%,216000,20%,New Purchase,Primary Residence,Principal + Interest,5,moneysupermarket.com
 2018-05-30,UK,London,TSB,GBP,Bank,Mortgages,Mortgages,,5Year Fixed,5000.0,Offline,15,Variable,2.14%,2.9%,216000,20%,New Purchase,Primary Residence,Principal + Interest,5,moneysupermarket.com
 2018-05-30,UK,London,Barclays,GBP,Bank,Mortgages,Mortgages,,5Year Fixed,25000.0,Offline,15,Variable,2.15%,2.8%,216000,20%,New Purchase,Primary Residence,Principal + Interest,5,moneysupermarket.com
 2018-05-30,UK,London,HSBC,GBP,Bank,Mortgages,Mortgages,,5Year Fixed,10000.0,Offline,15,Variable,2.29%,2.7%,216000,20%,New Purchase,Primary Residence,Principal + Interest,5,moneysupermarket.com
 2018-05-30,UK,London,Barclays,GBP,Bank,Mortgages,Mortgages,,5Year Fixed,25000.0,Offline,15,Variable,2.34%,2.8%,216000,20%,New Purchase,Primary Residence,Principal + Interest,5,moneysupermarket.com
 2018-05-30,UK,London,NatWest,GBP,Bank,Mortgages,Mortgages,,2Year Fixed,25000.0,Offline,15,Variable,2.64%,3.6%,216000,20%,New Purchase,Primary Residence,Principal + Interest,2,moneysupermarket.com
 2018-05-30,UK,London,Royal Bank Of Scotland,GBP,Bank,Mortgages,Mortgages,,2Year Fixed,25000.0,Offline,15,Variable,2.64%,3.6%,216000,20%,New Purchase,Primary Residence,Principal + Interest,2,moneysupermarket.com
 2018-05-30,UK,London,NatWest,GBP,Bank,Mortgages,Mortgages,,2Year Fixed,25000.0,Offline,15,Variable,2.94%,3.7%,216000,20%,New Purchase,Primary Residence,Principal + Interest,2,moneysupermarket.com
 2018-05-30,UK,London,Royal Bank Of Scotland,GBP,Bank,Mortgages,Mortgages,,2Year Fixed,25000.0,Offline,15,Variable,2.94%,3.7%,216000,20%,New Purchase,Primary Residence,Principal + Interest,2,moneysupermarket.com
 2018-05-30,UK,London,HSBC,GBP,Bank,Mortgages,Mortgages,,10Year Fixed,10000.0,Offline,15,Variable,2.99%,3.0%,216000,20%,New Purchase,Primary Residence,Principal + Interest,10,moneysupermarket.com
 2018-05-30,UK,London,Lloyds Bank,GBP,Bank,Mortgages,Mortgages,,2Year Fixed,5000.0,Offline,15,Variable,3.04%,4.0%,216000,20%,New Purchase,Primary Residence,Principal + Interest,2,moneysupermarket.com
 2018-05-30,UK,London,NatWest,GBP,Bank,Mortgages,Mortgages,,5Year Fixed,25000.0,Offline,15,Variable,3.38%,3.6%,216000,20%,New Purchase,Primary Residence,Principal + Interest,5,moneysupermarket.com
 2018-05-30,UK,London,Royal Bank Of Scotland,GBP,Bank,Mortgages,Mortgages,,5Year Fixed,25000.0,Offline,15,Variable,3.38%,3.6%,216000,20%,New Purchase,Primary Residence,Principal + Interest,5,moneysupermarket.com
 2018-05-30,UK,London,Virgin Money Plc.,GBP,Bank,Mortgages,Mortgages,,2Year Tracker,0.0,Offline,15,Variable,3.69%,4.8%,216000,20%,New Purchase,Primary Residence,Principal + Interest,2,moneysupermarket.com
 2018-05-30,UK,London,HSBC,GBP,Bank,Mortgages,Mortgages,,2Year Tracker With Fee,10000.0,Offline,25,Variable,1.39%,3.3%,216000,20%,New Purchase,Primary Residence,Principal + Interest,2,moneysupermarket.com
 2018-05-30,UK,London,HSBC,GBP,Bank,Mortgages,Mortgages,,2Year Fixed With Fee,10000.0,Offline,25,Variable,1.54%,3.3%,216000,20%,New Purchase,Primary Residence,Principal + Interest,2,moneysupermarket.com
 2018-05-30,UK,London,TSB,GBP,Bank,Mortgages,Mortgages,,2Year Fixed,5000.0,Offline,25,Variable,1.59%,3.5%,216000,20%,New Purchase,Primary Residence,Principal + Interest,2,moneysupermarket.com
 2018-05-30,UK,London,Barclays,GBP,Bank,Mortgages,Mortgages,,2Year Fixed,25000.0,Offline,25,Variable,1.6%,3.3%,216000,20%,New Purchase,Primary Residence,Principal + Interest,2,moneysupermarket.com
 2018-05-30,UK,London,TSB,GBP,Bank,Mortgages,Mortgages,,2Year Fixed,5000.0,Offline,25,Variable,1.59%,3.5%,216000,20%,New Purchase,Primary Residence,Principal + Interest,2,moneysupermarket.com
 2018-05-30,UK,London,Barclays,GBP,Bank,Mortgages,Mortgages,,2Year Fixed,25000.0,Offline,25,Variable,1.6%,3.3%,216000,20%,New Purchase,Primary Residence,Principal + Interest,2,moneysupermarket.com
 2018-05-30,UK,London,Virgin Money Plc.,GBP,Bank,Mortgages,Mortgages,,2Year Tracker,0.0,Offline,25,Variable,1.74%,3.9%,216000,20%,New Purchase,Primary Residence,Principal + Interest,2,moneysupermarket.com
 2018-05-30,UK,London,TSB,GBP,Bank,Mortgages,Mortgages,,2Year Fixed,5000.0,Offline,25,Variable,1.79%,3.5%,216000,20%,New Purchase,Primary Residence,Principal + Interest,2,moneysupermarket.com
 2018-05-30,UK,London,Barclays,GBP,Bank,Mortgages,Mortgages,,2Year Fixed,25000.0,Offline,25,Variable,1.82%,3.2%,216000,20%,New Purchase,Primary Residence,Principal + Interest,2,moneysupermarket.com
 2018-05-30,UK,London,HSBC,GBP,Bank,Mortgages,Mortgages,,2Year Fixed,10000.0,Offline,25,Variable,1.94%,3.2%,216000,20%,New Purchase,Primary Residence,Principal + Interest,2,moneysupermarket.com
 2018-05-30,UK,London,Metro Bank,GBP,Bank,Mortgages,Mortgages,,3Year Fixed With Fee,50000.0,Offline,25,Variable,1.94%,3.4%,216000,20%,New Purchase,Primary Residence,Principal + Interest,3,moneysupermarket.com
 2018-05-30,UK,London,Metro Bank,GBP,Bank,Mortgages,Mortgages,,2Year Fixed With Fee,50000.0,Offline,25,Variable,1.94%,3.7%,216000,20%,New Purchase,Primary Residence,Principal + Interest,2,moneysupermarket.com
 2018-05-30,UK,London,Virgin Money Plc.,GBP,Bank,Mortgages,Mortgages,,2Year Tracker,0.0,Offline,25,Variable,1.99%,4.0%,216000,20%,New Purchase,Primary Residence,Principal + Interest,2,moneysupermarket.com
 2018-05-30,UK,London,HSBC,GBP,Bank,Mortgages,Mortgages,,3Year Fixed,10000.0,Offline,25,Variable,2.09%,3.0%,216000,20%,New Purchase,Primary Residence,Principal + Interest,3,moneysupermarket.com
 2018-05-30,UK,London,TSB,GBP,Bank,Mortgages,Mortgages,,2Year Fixed,5000.0,Offline,25,Variable,2.09%,3.4%,216000,20%,New Purchase,Primary Residence,Principal + Interest,2,moneysupermarket.com
 2018-05-30,UK,London,NatWest,GBP,Bank,Mortgages,Mortgages,,5Year Fixed With Fee,25000.0,Offline,25,Variable,2.1%,2.9%,216000,20%,New Purchase,Primary Residence,Principal + Interest,5,moneysupermarket.com
 2018-05-30,UK,London,Royal Bank Of Scotland,GBP,Bank,Mortgages,Mortgages,,5Year Fixed With Fee,25000.0,Offline,25,Variable,2.1%,2.9%,216000,20%,New Purchase,Primary Residence,Principal + Interest,5,moneysupermarket.com
 2018-05-30,UK,London,TSB,GBP,Bank,Mortgages,Mortgages,,5Year Fixed,5000.0,Offline,25,Variable,2.14%,2.9%,216000,20%,New Purchase,Primary Residence,Principal + Interest,5,moneysupermarket.com
 2018-05-30,UK,London,Barclays,GBP,Bank,Mortgages,Mortgages,,5Year Fixed,25000.0,Offline,25,Variable,2.15%,2.8%,216000,20%,New Purchase,Primary Residence,Principal + Interest,5,moneysupermarket.com
 2018-05-30,UK,London,HSBC,GBP,Bank,Mortgages,Mortgages,,5Year Fixed,10000.0,Offline,25,Variable,2.29%,2.7%,216000,20%,New Purchase,Primary Residence,Principal + Interest,5,moneysupermarket.com
 2018-05-30,UK,London,Barclays,GBP,Bank,Mortgages,Mortgages,,5Year Fixed,25000.0,Offline,25,Variable,2.34%,2.8%,216000,20%,New Purchase,Primary Residence,Principal + Interest,5,moneysupermarket.com
 2018-05-30,UK,London,NatWest,GBP,Bank,Mortgages,Mortgages,,2Year Fixed,25000.0,Offline,25,Variable,2.64%,3.6%,216000,20%,New Purchase,Primary Residence,Principal + Interest,2,moneysupermarket.com
 2018-05-30,UK,London,Royal Bank Of Scotland,GBP,Bank,Mortgages,Mortgages,,2Year Fixed,25000.0,Offline,25,Variable,2.64%,3.6%,216000,20%,New Purchase,Primary Residence,Principal + Interest,2,moneysupermarket.com
 2018-05-30,UK,London,NatWest,GBP,Bank,Mortgages,Mortgages,,2Year Fixed,25000.0,Offline,25,Variable,2.94%,3.7%,216000,20%,New Purchase,Primary Residence,Principal + Interest,2,moneysupermarket.com
 2018-05-30,UK,London,Royal Bank Of Scotland,GBP,Bank,Mortgages,Mortgages,,2Year Fixed,25000.0,Offline,25,Variable,2.94%,3.7%,216000,20%,New Purchase,Primary Residence,Principal + Interest,2,moneysupermarket.com
 2018-05-30,UK,London,HSBC,GBP,Bank,Mortgages,Mortgages,,10Year Fixed,10000.0,Offline,25,Variable,2.99%,3.0%,216000,20%,New Purchase,Primary Residence,Principal + Interest,10,moneysupermarket.com
 2018-05-30,UK,London,Lloyds Bank,GBP,Bank,Mortgages,Mortgages,,2Year Fixed,5000.0,Offline,25,Variable,3.04%,4.0%,216000,20%,New Purchase,Primary Residence,Principal + Interest,2,moneysupermarket.com
 2018-05-30,UK,London,NatWest,GBP,Bank,Mortgages,Mortgages,,5Year Fixed,25000.0,Offline,25,Variable,3.38%,3.6%,216000,20%,New Purchase,Primary Residence,Principal + Interest,5,moneysupermarket.com
 2018-05-30,UK,London,Royal Bank Of Scotland,GBP,Bank,Mortgages,Mortgages,,5Year Fixed,25000.0,Offline,25,Variable,3.38%,3.6%,216000,20%,New Purchase,Primary Residence,Principal + Interest,5,moneysupermarket.com
 2018-05-30,UK,London,Virgin Money Plc.,GBP,Bank,Mortgages,Mortgages,,2Year Tracker,0.0,Offline,25,Variable,3.69%,4.8%,216000,20%,New Purchase,Primary Residence,Principal + Interest,2,moneysupermarket.com
 2018-05-30,UK,London,HSBC,GBP,Bank,Mortgages,Mortgages,,2Year Tracker With Fee,10000.0,Offline,30,Variable,1.39%,3.3%,216000,20%,New Purchase,Primary Residence,Principal + Interest,2,moneysupermarket.com
 2018-05-30,UK,London,HSBC,GBP,Bank,Mortgages,Mortgages,,2Year Fixed With Fee,10000.0,Offline,30,Variable,1.54%,3.3%,216000,20%,New Purchase,Primary Residence,Principal + Interest,2,moneysupermarket.com
 2018-05-30,UK,London,TSB,GBP,Bank,Mortgages,Mortgages,,2Year Fixed,5000.0,Offline,30,Variable,1.59%,3.5%,216000,20%,New Purchase,Primary Residence,Principal + Interest,2,moneysupermarket.com
 2018-05-30,UK,London,Barclays,GBP,Bank,Mortgages,Mortgages,,2Year Fixed,25000.0,Offline,30,Variable,1.6%,3.3%,216000,20%,New Purchase,Primary Residence,Principal + Interest,2,moneysupermarket.com
 2018-05-30,UK,London,TSB,GBP,Bank,Mortgages,Mortgages,,2Year Fixed,5000.0,Offline,30,Variable,1.59%,3.5%,216000,20%,New Purchase,Primary Residence,Principal + Interest,2,moneysupermarket.com
 2018-05-30,UK,London,Barclays,GBP,Bank,Mortgages,Mortgages,,2Year Fixed,25000.0,Offline,30,Variable,1.6%,3.3%,216000,20%,New Purchase,Primary Residence,Principal + Interest,2,moneysupermarket.com
 2018-05-30,UK,London,Virgin Money Plc.,GBP,Bank,Mortgages,Mortgages,,2Year Tracker,0.0,Offline,30,Variable,1.74%,3.9%,216000,20%,New Purchase,Primary Residence,Principal + Interest,2,moneysupermarket.com
 2018-05-30,UK,London,TSB,GBP,Bank,Mortgages,Mortgages,,2Year Fixed,5000.0,Offline,30,Variable,1.79%,3.5%,216000,20%,New Purchase,Primary Residence,Principal + Interest,2,moneysupermarket.com
 2018-05-30,UK,London,Barclays,GBP,Bank,Mortgages,Mortgages,,2Year Fixed,25000.0,Offline,30,Variable,1.82%,3.2%,216000,20%,New Purchase,Primary Residence,Principal + Interest,2,moneysupermarket.com
 2018-05-30,UK,London,HSBC,GBP,Bank,Mortgages,Mortgages,,2Year Fixed,10000.0,Offline,30,Variable,1.94%,3.2%,216000,20%,New Purchase,Primary Residence,Principal + Interest,2,moneysupermarket.com
 2018-05-30,UK,London,Metro Bank,GBP,Bank,Mortgages,Mortgages,,3Year Fixed With Fee,50000.0,Offline,30,Variable,1.94%,3.4%,216000,20%,New Purchase,Primary Residence,Principal + Interest,3,moneysupermarket.com
 2018-05-30,UK,London,Metro Bank,GBP,Bank,Mortgages,Mortgages,,2Year Fixed With Fee,50000.0,Offline,30,Variable,1.94%,3.7%,216000,20%,New Purchase,Primary Residence,Principal + Interest,2,moneysupermarket.com
 2018-05-30,UK,London,Virgin Money Plc.,GBP,Bank,Mortgages,Mortgages,,2Year Tracker,0.0,Offline,30,Variable,1.99%,4.0%,216000,20%,New Purchase,Primary Residence,Principal + Interest,2,moneysupermarket.com
 2018-05-30,UK,London,HSBC,GBP,Bank,Mortgages,Mortgages,,3Year Fixed,10000.0,Offline,30,Variable,2.09%,3.0%,216000,20%,New Purchase,Primary Residence,Principal + Interest,3,moneysupermarket.com
 2018-05-30,UK,London,TSB,GBP,Bank,Mortgages,Mortgages,,2Year Fixed,5000.0,Offline,30,Variable,2.09%,3.4%,216000,20%,New Purchase,Primary Residence,Principal + Interest,2,moneysupermarket.com
 2018-05-30,UK,London,NatWest,GBP,Bank,Mortgages,Mortgages,,5Year Fixed With Fee,25000.0,Offline,30,Variable,2.1%,2.9%,216000,20%,New Purchase,Primary Residence,Principal + Interest,5,moneysupermarket.com
 2018-05-30,UK,London,Royal Bank Of Scotland,GBP,Bank,Mortgages,Mortgages,,5Year Fixed With Fee,25000.0,Offline,30,Variable,2.1%,2.9%,216000,20%,New Purchase,Primary Residence,Principal + Interest,5,moneysupermarket.com
 2018-05-30,UK,London,TSB,GBP,Bank,Mortgages,Mortgages,,5Year Fixed,5000.0,Offline,30,Variable,2.14%,2.9%,216000,20%,New Purchase,Primary Residence,Principal + Interest,5,moneysupermarket.com
 2018-05-30,UK,London,Barclays,GBP,Bank,Mortgages,Mortgages,,5Year Fixed,25000.0,Offline,30,Variable,2.15%,2.8%,216000,20%,New Purchase,Primary Residence,Principal + Interest,5,moneysupermarket.com
 2018-05-30,UK,London,HSBC,GBP,Bank,Mortgages,Mortgages,,5Year Fixed,10000.0,Offline,30,Variable,2.29%,2.7%,216000,20%,New Purchase,Primary Residence,Principal + Interest,5,moneysupermarket.com
 2018-05-30,UK,London,Barclays,GBP,Bank,Mortgages,Mortgages,,5Year Fixed,25000.0,Offline,30,Variable,2.34%,2.8%,216000,20%,New Purchase,Primary Residence,Principal + Interest,5,moneysupermarket.com
 2018-05-30,UK,London,NatWest,GBP,Bank,Mortgages,Mortgages,,2Year Fixed,25000.0,Offline,30,Variable,2.64%,3.6%,216000,20%,New Purchase,Primary Residence,Principal + Interest,2,moneysupermarket.com
 2018-05-30,UK,London,Royal Bank Of Scotland,GBP,Bank,Mortgages,Mortgages,,2Year Fixed,25000.0,Offline,30,Variable,2.64%,3.6%,216000,20%,New Purchase,Primary Residence,Principal + Interest,2,moneysupermarket.com
 2018-05-30,UK,London,NatWest,GBP,Bank,Mortgages,Mortgages,,2Year Fixed,25000.0,Offline,30,Variable,2.94%,3.7%,216000,20%,New Purchase,Primary Residence,Principal + Interest,2,moneysupermarket.com
 2018-05-30,UK,London,Royal Bank Of Scotland,GBP,Bank,Mortgages,Mortgages,,2Year Fixed,25000.0,Offline,30,Variable,2.94%,3.7%,216000,20%,New Purchase,Primary Residence,Principal + Interest,2,moneysupermarket.com
 2018-05-30,UK,London,HSBC,GBP,Bank,Mortgages,Mortgages,,10Year Fixed,10000.0,Offline,30,Variable,2.99%,3.0%,216000,20%,New Purchase,Primary Residence,Principal + Interest,10,moneysupermarket.com
 2018-05-30,UK,London,Lloyds Bank,GBP,Bank,Mortgages,Mortgages,,2Year Fixed,5000.0,Offline,30,Variable,3.04%,4.0%,216000,20%,New Purchase,Primary Residence,Principal + Interest,2,moneysupermarket.com
 2018-05-30,UK,London,NatWest,GBP,Bank,Mortgages,Mortgages,,5Year Fixed,25000.0,Offline,30,Variable,3.38%,3.6%,216000,20%,New Purchase,Primary Residence,Principal + Interest,5,moneysupermarket.com
 2018-05-30,UK,London,Royal Bank Of Scotland,GBP,Bank,Mortgages,Mortgages,,5Year Fixed,25000.0,Offline,30,Variable,3.38%,3.6%,216000,20%,New Purchase,Primary Residence,Principal + Interest,5,moneysupermarket.com
 2018-05-30,UK,London,Virgin Money Plc.,GBP,Bank,Mortgages,Mortgages,,2Year Tracker,0.0,Offline,30,Variable,3.69%,4.8%,216000,20%,New Purchase,Primary Residence,Principal + Interest,2,moneysupermarket.com
 2018-05-30,UK,London,HSBC,GBP,Bank,Mortgages,Mortgages,,2Year Tracker With Fee,10000.0,Offline,10,Variable,1.39%,3.3%,360000,20%,New Purchase,Primary Residence,Principal + Interest,2,moneysupermarket.com
 2018-05-30,UK,London,HSBC,GBP,Bank,Mortgages,Mortgages,,2Year Fixed With Fee,10000.0,Offline,10,Variable,1.54%,3.3%,360000,20%,New Purchase,Primary Residence,Principal + Interest,2,moneysupermarket.com
 2018-05-30,UK,London,TSB,GBP,Bank,Mortgages,Mortgages,,2Year Fixed,5000.0,Offline,10,Variable,1.59%,3.5%,360000,20%,New Purchase,Primary Residence,Principal + Interest,2,moneysupermarket.com
 2018-05-30,UK,London,Barclays,GBP,Bank,Mortgages,Mortgages,,2Year Fixed,25000.0,Offline,10,Variable,1.6%,3.3%,360000,20%,New Purchase,Primary Residence,Principal + Interest,2,moneysupermarket.com
 2018-05-30,UK,London,TSB,GBP,Bank,Mortgages,Mortgages,,2Year Fixed,5000.0,Offline,10,Variable,1.59%,3.5%,360000,20%,New Purchase,Primary Residence,Principal + Interest,2,moneysupermarket.com
 2018-05-30,UK,London,Barclays,GBP,Bank,Mortgages,Mortgages,,2Year Fixed,25000.0,Offline,10,Variable,1.6%,3.3%,360000,20%,New Purchase,Primary Residence,Principal + Interest,2,moneysupermarket.com
 2018-05-30,UK,London,Virgin Money Plc.,GBP,Bank,Mortgages,Mortgages,,2Year Tracker,0.0,Offline,10,Variable,1.74%,3.9%,360000,20%,New Purchase,Primary Residence,Principal + Interest,2,moneysupermarket.com
 2018-05-30,UK,London,TSB,GBP,Bank,Mortgages,Mortgages,,2Year Fixed,5000.0,Offline,10,Variable,1.79%,3.5%,360000,20%,New Purchase,Primary Residence,Principal + Interest,2,moneysupermarket.com
 2018-05-30,UK,London,Barclays,GBP,Bank,Mortgages,Mortgages,,2Year Fixed,25000.0,Offline,10,Variable,1.82%,3.2%,360000,20%,New Purchase,Primary Residence,Principal + Interest,2,moneysupermarket.com
 2018-05-30,UK,London,HSBC,GBP,Bank,Mortgages,Mortgages,,2Year Fixed,10000.0,Offline,10,Variable,1.94%,3.2%,360000,20%,New Purchase,Primary Residence,Principal + Interest,2,moneysupermarket.com
 2018-05-30,UK,London,Metro Bank,GBP,Bank,Mortgages,Mortgages,,3Year Fixed With Fee,50000.0,Offline,10,Variable,1.94%,3.4%,360000,20%,New Purchase,Primary Residence,Principal + Interest,3,moneysupermarket.com
 2018-05-30,UK,London,Metro Bank,GBP,Bank,Mortgages,Mortgages,,2Year Fixed With Fee,50000.0,Offline,10,Variable,1.94%,3.7%,360000,20%,New Purchase,Primary Residence,Principal + Interest,2,moneysupermarket.com
 2018-05-30,UK,London,Virgin Money Plc.,GBP,Bank,Mortgages,Mortgages,,2Year Tracker,0.0,Offline,10,Variable,1.99%,4.0%,360000,20%,New Purchase,Primary Residence,Principal + Interest,2,moneysupermarket.com
 2018-05-30,UK,London,HSBC,GBP,Bank,Mortgages,Mortgages,,3Year Fixed,10000.0,Offline,10,Variable,2.09%,3.0%,360000,20%,New Purchase,Primary Residence,Principal + Interest,3,moneysupermarket.com
 2018-05-30,UK,London,TSB,GBP,Bank,Mortgages,Mortgages,,2Year Fixed,5000.0,Offline,10,Variable,2.09%,3.4%,360000,20%,New Purchase,Primary Residence,Principal + Interest,2,moneysupermarket.com
 2018-05-30,UK,London,NatWest,GBP,Bank,Mortgages,Mortgages,,5Year Fixed With Fee,25000.0,Offline,10,Variable,2.1%,2.9%,360000,20%,New Purchase,Primary Residence,Principal + Interest,5,moneysupermarket.com
 2018-05-30,UK,London,Royal Bank Of Scotland,GBP,Bank,Mortgages,Mortgages,,5Year Fixed With Fee,25000.0,Offline,10,Variable,2.1%,2.9%,360000,20%,New Purchase,Primary Residence,Principal + Interest,5,moneysupermarket.com
 2018-05-30,UK,London,TSB,GBP,Bank,Mortgages,Mortgages,,5Year Fixed,5000.0,Offline,10,Variable,2.14%,2.9%,360000,20%,New Purchase,Primary Residence,Principal + Interest,5,moneysupermarket.com
 2018-05-30,UK,London,Barclays,GBP,Bank,Mortgages,Mortgages,,5Year Fixed,25000.0,Offline,10,Variable,2.15%,2.8%,360000,20%,New Purchase,Primary Residence,Principal + Interest,5,moneysupermarket.com
 2018-05-30,UK,London,HSBC,GBP,Bank,Mortgages,Mortgages,,5Year Fixed,10000.0,Offline,10,Variable,2.29%,2.7%,360000,20%,New Purchase,Primary Residence,Principal + Interest,5,moneysupermarket.com
 2018-05-30,UK,London,Barclays,GBP,Bank,Mortgages,Mortgages,,5Year Fixed,25000.0,Offline,10,Variable,2.34%,2.8%,360000,20%,New Purchase,Primary Residence,Principal + Interest,5,moneysupermarket.com
 2018-05-30,UK,London,NatWest,GBP,Bank,Mortgages,Mortgages,,2Year Fixed,25000.0,Offline,10,Variable,2.64%,3.6%,360000,20%,New Purchase,Primary Residence,Principal + Interest,2,moneysupermarket.com
 2018-05-30,UK,London,Royal Bank Of Scotland,GBP,Bank,Mortgages,Mortgages,,2Year Fixed,25000.0,Offline,10,Variable,2.64%,3.6%,360000,20%,New Purchase,Primary Residence,Principal + Interest,2,moneysupermarket.com
 2018-05-30,UK,London,NatWest,GBP,Bank,Mortgages,Mortgages,,2Year Fixed,25000.0,Offline,10,Variable,2.94%,3.7%,360000,20%,New Purchase,Primary Residence,Principal + Interest,2,moneysupermarket.com
 2018-05-30,UK,London,Royal Bank Of Scotland,GBP,Bank,Mortgages,Mortgages,,2Year Fixed,25000.0,Offline,10,Variable,2.94%,3.7%,360000,20%,New Purchase,Primary Residence,Principal + Interest,2,moneysupermarket.com
 2018-05-30,UK,London,HSBC,GBP,Bank,Mortgages,Mortgages,,10Year Fixed,10000.0,Offline,10,Variable,2.99%,3.0%,360000,20%,New Purchase,Primary Residence,Principal + Interest,10,moneysupermarket.com
 2018-05-30,UK,London,Lloyds Bank,GBP,Bank,Mortgages,Mortgages,,2Year Fixed,5000.0,Offline,10,Variable,3.04%,4.0%,360000,20%,New Purchase,Primary Residence,Principal + Interest,2,moneysupermarket.com
 2018-05-30,UK,London,NatWest,GBP,Bank,Mortgages,Mortgages,,5Year Fixed,25000.0,Offline,10,Variable,3.38%,3.6%,360000,20%,New Purchase,Primary Residence,Principal + Interest,5,moneysupermarket.com
 2018-05-30,UK,London,Royal Bank Of Scotland,GBP,Bank,Mortgages,Mortgages,,5Year Fixed,25000.0,Offline,10,Variable,3.38%,3.6%,360000,20%,New Purchase,Primary Residence,Principal + Interest,5,moneysupermarket.com
 2018-05-30,UK,London,Virgin Money Plc.,GBP,Bank,Mortgages,Mortgages,,2Year Tracker,0.0,Offline,10,Variable,3.69%,4.8%,360000,20%,New Purchase,Primary Residence,Principal + Interest,2,moneysupermarket.com
 2018-05-30,UK,London,HSBC,GBP,Bank,Mortgages,Mortgages,,2Year Tracker With Fee,10000.0,Offline,15,Variable,1.39%,3.3%,360000,20%,New Purchase,Primary Residence,Principal + Interest,2,moneysupermarket.com
 2018-05-30,UK,London,HSBC,GBP,Bank,Mortgages,Mortgages,,2Year Fixed With Fee,10000.0,Offline,15,Variable,1.54%,3.3%,360000,20%,New Purchase,Primary Residence,Principal + Interest,2,moneysupermarket.com
 2018-05-30,UK,London,TSB,GBP,Bank,Mortgages,Mortgages,,2Year Fixed,5000.0,Offline,15,Variable,1.59%,3.5%,360000,20%,New Purchase,Primary Residence,Principal + Interest,2,moneysupermarket.com
 2018-05-30,UK,London,Barclays,GBP,Bank,Mortgages,Mortgages,,2Year Fixed,25000.0,Offline,15,Variable,1.6%,3.3%,360000,20%,New Purchase,Primary Residence,Principal + Interest,2,moneysupermarket.com
 2018-05-30,UK,London,TSB,GBP,Bank,Mortgages,Mortgages,,2Year Fixed,5000.0,Offline,15,Variable,1.59%,3.5%,360000,20%,New Purchase,Primary Residence,Principal + Interest,2,moneysupermarket.com
 2018-05-30,UK,London,Barclays,GBP,Bank,Mortgages,Mortgages,,2Year Fixed,25000.0,Offline,15,Variable,1.6%,3.3%,360000,20%,New Purchase,Primary Residence,Principal + Interest,2,moneysupermarket.com
 2018-05-30,UK,London,Virgin Money Plc.,GBP,Bank,Mortgages,Mortgages,,2Year Tracker,0.0,Offline,15,Variable,1.74%,3.9%,360000,20%,New Purchase,Primary Residence,Principal + Interest,2,moneysupermarket.com
 2018-05-30,UK,London,TSB,GBP,Bank,Mortgages,Mortgages,,2Year Fixed,5000.0,Offline,15,Variable,1.79%,3.5%,360000,20%,New Purchase,Primary Residence,Principal + Interest,2,moneysupermarket.com
 2018-05-30,UK,London,Barclays,GBP,Bank,Mortgages,Mortgages,,2Year Fixed,25000.0,Offline,15,Variable,1.82%,3.2%,360000,20%,New Purchase,Primary Residence,Principal + Interest,2,moneysupermarket.com
 2018-05-30,UK,London,HSBC,GBP,Bank,Mortgages,Mortgages,,2Year Fixed,10000.0,Offline,15,Variable,1.94%,3.2%,360000,20%,New Purchase,Primary Residence,Principal + Interest,2,moneysupermarket.com
 2018-05-30,UK,London,Metro Bank,GBP,Bank,Mortgages,Mortgages,,3Year Fixed With Fee,50000.0,Offline,15,Variable,1.94%,3.4%,360000,20%,New Purchase,Primary Residence,Principal + Interest,3,moneysupermarket.com
 2018-05-30,UK,London,Metro Bank,GBP,Bank,Mortgages,Mortgages,,2Year Fixed With Fee,50000.0,Offline,15,Variable,1.94%,3.7%,360000,20%,New Purchase,Primary Residence,Principal + Interest,2,moneysupermarket.com
 2018-05-30,UK,London,Virgin Money Plc.,GBP,Bank,Mortgages,Mortgages,,2Year Tracker,0.0,Offline,15,Variable,1.99%,4.0%,360000,20%,New Purchase,Primary Residence,Principal + Interest,2,moneysupermarket.com
 2018-05-30,UK,London,HSBC,GBP,Bank,Mortgages,Mortgages,,3Year Fixed,10000.0,Offline,15,Variable,2.09%,3.0%,360000,20%,New Purchase,Primary Residence,Principal + Interest,3,moneysupermarket.com
 2018-05-30,UK,London,TSB,GBP,Bank,Mortgages,Mortgages,,2Year Fixed,5000.0,Offline,15,Variable,2.09%,3.4%,360000,20%,New Purchase,Primary Residence,Principal + Interest,2,moneysupermarket.com
 2018-05-30,UK,London,NatWest,GBP,Bank,Mortgages,Mortgages,,5Year Fixed With Fee,25000.0,Offline,15,Variable,2.1%,2.9%,360000,20%,New Purchase,Primary Residence,Principal + Interest,5,moneysupermarket.com
 2018-05-30,UK,London,Royal Bank Of Scotland,GBP,Bank,Mortgages,Mortgages,,5Year Fixed With Fee,25000.0,Offline,15,Variable,2.1%,2.9%,360000,20%,New Purchase,Primary Residence,Principal + Interest,5,moneysupermarket.com
 2018-05-30,UK,London,TSB,GBP,Bank,Mortgages,Mortgages,,5Year Fixed,5000.0,Offline,15,Variable,2.14%,2.9%,360000,20%,New Purchase,Primary Residence,Principal + Interest,5,moneysupermarket.com
 2018-05-30,UK,London,Barclays,GBP,Bank,Mortgages,Mortgages,,5Year Fixed,25000.0,Offline,15,Variable,2.15%,2.8%,360000,20%,New Purchase,Primary Residence,Principal + Interest,5,moneysupermarket.com
 2018-05-30,UK,London,HSBC,GBP,Bank,Mortgages,Mortgages,,5Year Fixed,10000.0,Offline,15,Variable,2.29%,2.7%,360000,20%,New Purchase,Primary Residence,Principal + Interest,5,moneysupermarket.com
 2018-05-30,UK,London,Barclays,GBP,Bank,Mortgages,Mortgages,,5Year Fixed,25000.0,Offline,15,Variable,2.34%,2.8%,360000,20%,New Purchase,Primary Residence,Principal + Interest,5,moneysupermarket.com
 2018-05-30,UK,London,NatWest,GBP,Bank,Mortgages,Mortgages,,2Year Fixed,25000.0,Offline,15,Variable,2.64%,3.6%,360000,20%,New Purchase,Primary Residence,Principal + Interest,2,moneysupermarket.com
 2018-05-30,UK,London,Royal Bank Of Scotland,GBP,Bank,Mortgages,Mortgages,,2Year Fixed,25000.0,Offline,15,Variable,2.64%,3.6%,360000,20%,New Purchase,Primary Residence,Principal + Interest,2,moneysupermarket.com
 2018-05-30,UK,London,NatWest,GBP,Bank,Mortgages,Mortgages,,2Year Fixed,25000.0,Offline,15,Variable,2.94%,3.7%,360000,20%,New Purchase,Primary Residence,Principal + Interest,2,moneysupermarket.com
 2018-05-30,UK,London,Royal Bank Of Scotland,GBP,Bank,Mortgages,Mortgages,,2Year Fixed,25000.0,Offline,15,Variable,2.94%,3.7%,360000,20%,New Purchase,Primary Residence,Principal + Interest,2,moneysupermarket.com
 2018-05-30,UK,London,HSBC,GBP,Bank,Mortgages,Mortgages,,10Year Fixed,10000.0,Offline,15,Variable,2.99%,3.0%,360000,20%,New Purchase,Primary Residence,Principal + Interest,10,moneysupermarket.com
 2018-05-30,UK,London,Lloyds Bank,GBP,Bank,Mortgages,Mortgages,,2Year Fixed,5000.0,Offline,15,Variable,3.04%,4.0%,360000,20%,New Purchase,Primary Residence,Principal + Interest,2,moneysupermarket.com
 2018-05-30,UK,London,NatWest,GBP,Bank,Mortgages,Mortgages,,5Year Fixed,25000.0,Offline,15,Variable,3.38%,3.6%,360000,20%,New Purchase,Primary Residence,Principal + Interest,5,moneysupermarket.com
 2018-05-30,UK,London,Royal Bank Of Scotland,GBP,Bank,Mortgages,Mortgages,,5Year Fixed,25000.0,Offline,15,Variable,3.38%,3.6%,360000,20%,New Purchase,Primary Residence,Principal + Interest,5,moneysupermarket.com
 2018-05-30,UK,London,Virgin Money Plc.,GBP,Bank,Mortgages,Mortgages,,2Year Tracker,0.0,Offline,15,Variable,3.69%,4.8%,360000,20%,New Purchase,Primary Residence,Principal + Interest,2,moneysupermarket.com
 2018-05-30,UK,London,HSBC,GBP,Bank,Mortgages,Mortgages,,2Year Tracker With Fee,10000.0,Offline,25,Variable,1.39%,3.3%,360000,20%,New Purchase,Primary Residence,Principal + Interest,2,moneysupermarket.com
 2018-05-30,UK,London,HSBC,GBP,Bank,Mortgages,Mortgages,,2Year Fixed With Fee,10000.0,Offline,25,Variable,1.54%,3.3%,360000,20%,New Purchase,Primary Residence,Principal + Interest,2,moneysupermarket.com
 2018-05-30,UK,London,TSB,GBP,Bank,Mortgages,Mortgages,,2Year Fixed,5000.0,Offline,25,Variable,1.59%,3.5%,360000,20%,New Purchase,Primary Residence,Principal + Interest,2,moneysupermarket.com
 2018-05-30,UK,London,Barclays,GBP,Bank,Mortgages,Mortgages,,2Year Fixed,25000.0,Offline,25,Variable,1.6%,3.3%,360000,20%,New Purchase,Primary Residence,Principal + Interest,2,moneysupermarket.com
 2018-05-30,UK,London,TSB,GBP,Bank,Mortgages,Mortgages,,2Year Fixed,5000.0,Offline,25,Variable,1.59%,3.5%,360000,20%,New Purchase,Primary Residence,Principal + Interest,2,moneysupermarket.com
 2018-05-30,UK,London,Barclays,GBP,Bank,Mortgages,Mortgages,,2Year Fixed,25000.0,Offline,25,Variable,1.6%,3.3%,360000,20%,New Purchase,Primary Residence,Principal + Interest,2,moneysupermarket.com
 2018-05-30,UK,London,Virgin Money Plc.,GBP,Bank,Mortgages,Mortgages,,2Year Tracker,0.0,Offline,25,Variable,1.74%,3.9%,360000,20%,New Purchase,Primary Residence,Principal + Interest,2,moneysupermarket.com
 2018-05-30,UK,London,TSB,GBP,Bank,Mortgages,Mortgages,,2Year Fixed,5000.0,Offline,25,Variable,1.79%,3.5%,360000,20%,New Purchase,Primary Residence,Principal + Interest,2,moneysupermarket.com
 2018-05-30,UK,London,Barclays,GBP,Bank,Mortgages,Mortgages,,2Year Fixed,25000.0,Offline,25,Variable,1.82%,3.2%,360000,20%,New Purchase,Primary Residence,Principal + Interest,2,moneysupermarket.com
 2018-05-30,UK,London,HSBC,GBP,Bank,Mortgages,Mortgages,,2Year Fixed,10000.0,Offline,25,Variable,1.94%,3.2%,360000,20%,New Purchase,Primary Residence,Principal + Interest,2,moneysupermarket.com
 2018-05-30,UK,London,Metro Bank,GBP,Bank,Mortgages,Mortgages,,3Year Fixed With Fee,50000.0,Offline,25,Variable,1.94%,3.4%,360000,20%,New Purchase,Primary Residence,Principal + Interest,3,moneysupermarket.com
 2018-05-30,UK,London,Metro Bank,GBP,Bank,Mortgages,Mortgages,,2Year Fixed With Fee,50000.0,Offline,25,Variable,1.94%,3.7%,360000,20%,New Purchase,Primary Residence,Principal + Interest,2,moneysupermarket.com
 2018-05-30,UK,London,Virgin Money Plc.,GBP,Bank,Mortgages,Mortgages,,2Year Tracker,0.0,Offline,25,Variable,1.99%,4.0%,360000,20%,New Purchase,Primary Residence,Principal + Interest,2,moneysupermarket.com
 2018-05-30,UK,London,HSBC,GBP,Bank,Mortgages,Mortgages,,3Year Fixed,10000.0,Offline,25,Variable,2.09%,3.0%,360000,20%,New Purchase,Primary Residence,Principal + Interest,3,moneysupermarket.com
 2018-05-30,UK,London,TSB,GBP,Bank,Mortgages,Mortgages,,2Year Fixed,5000.0,Offline,25,Variable,2.09%,3.4%,360000,20%,New Purchase,Primary Residence,Principal + Interest,2,moneysupermarket.com
 2018-05-30,UK,London,NatWest,GBP,Bank,Mortgages,Mortgages,,5Year Fixed With Fee,25000.0,Offline,25,Variable,2.1%,2.9%,360000,20%,New Purchase,Primary Residence,Principal + Interest,5,moneysupermarket.com
 2018-05-30,UK,London,Royal Bank Of Scotland,GBP,Bank,Mortgages,Mortgages,,5Year Fixed With Fee,25000.0,Offline,25,Variable,2.1%,2.9%,360000,20%,New Purchase,Primary Residence,Principal + Interest,5,moneysupermarket.com
 2018-05-30,UK,London,TSB,GBP,Bank,Mortgages,Mortgages,,5Year Fixed,5000.0,Offline,25,Variable,2.14%,2.9%,360000,20%,New Purchase,Primary Residence,Principal + Interest,5,moneysupermarket.com
 2018-05-30,UK,London,Barclays,GBP,Bank,Mortgages,Mortgages,,5Year Fixed,25000.0,Offline,25,Variable,2.15%,2.8%,360000,20%,New Purchase,Primary Residence,Principal + Interest,5,moneysupermarket.com
 2018-05-30,UK,London,HSBC,GBP,Bank,Mortgages,Mortgages,,5Year Fixed,10000.0,Offline,25,Variable,2.29%,2.7%,360000,20%,New Purchase,Primary Residence,Principal + Interest,5,moneysupermarket.com
 2018-05-30,UK,London,Barclays,GBP,Bank,Mortgages,Mortgages,,5Year Fixed,25000.0,Offline,25,Variable,2.34%,2.8%,360000,20%,New Purchase,Primary Residence,Principal + Interest,5,moneysupermarket.com
 2018-05-30,UK,London,NatWest,GBP,Bank,Mortgages,Mortgages,,2Year Fixed,25000.0,Offline,25,Variable,2.64%,3.6%,360000,20%,New Purchase,Primary Residence,Principal + Interest,2,moneysupermarket.com
 2018-05-30,UK,London,Royal Bank Of Scotland,GBP,Bank,Mortgages,Mortgages,,2Year Fixed,25000.0,Offline,25,Variable,2.64%,3.6%,360000,20%,New Purchase,Primary Residence,Principal + Interest,2,moneysupermarket.com
 2018-05-30,UK,London,NatWest,GBP,Bank,Mortgages,Mortgages,,2Year Fixed,25000.0,Offline,25,Variable,2.94%,3.7%,360000,20%,New Purchase,Primary Residence,Principal + Interest,2,moneysupermarket.com
 2018-05-30,UK,London,Royal Bank Of Scotland,GBP,Bank,Mortgages,Mortgages,,2Year Fixed,25000.0,Offline,25,Variable,2.94%,3.7%,360000,20%,New Purchase,Primary Residence,Principal + Interest,2,moneysupermarket.com
 2018-05-30,UK,London,HSBC,GBP,Bank,Mortgages,Mortgages,,10Year Fixed,10000.0,Offline,25,Variable,2.99%,3.0%,360000,20%,New Purchase,Primary Residence,Principal + Interest,10,moneysupermarket.com
 2018-05-30,UK,London,Lloyds Bank,GBP,Bank,Mortgages,Mortgages,,2Year Fixed,5000.0,Offline,25,Variable,3.04%,4.0%,360000,20%,New Purchase,Primary Residence,Principal + Interest,2,moneysupermarket.com
 2018-05-30,UK,London,NatWest,GBP,Bank,Mortgages,Mortgages,,5Year Fixed,25000.0,Offline,25,Variable,3.38%,3.6%,360000,20%,New Purchase,Primary Residence,Principal + Interest,5,moneysupermarket.com
 2018-05-30,UK,London,Royal Bank Of Scotland,GBP,Bank,Mortgages,Mortgages,,5Year Fixed,25000.0,Offline,25,Variable,3.38%,3.6%,360000,20%,New Purchase,Primary Residence,Principal + Interest,5,moneysupermarket.com
 2018-05-30,UK,London,Virgin Money Plc.,GBP,Bank,Mortgages,Mortgages,,2Year Tracker,0.0,Offline,25,Variable,3.69%,4.8%,360000,20%,New Purchase,Primary Residence,Principal + Interest,2,moneysupermarket.com
 2018-05-30,UK,London,HSBC,GBP,Bank,Mortgages,Mortgages,,2Year Tracker With Fee,10000.0,Offline,30,Variable,1.39%,3.3%,360000,20%,New Purchase,Primary Residence,Principal + Interest,2,moneysupermarket.com
 2018-05-30,UK,London,HSBC,GBP,Bank,Mortgages,Mortgages,,2Year Fixed With Fee,10000.0,Offline,30,Variable,1.54%,3.3%,360000,20%,New Purchase,Primary Residence,Principal + Interest,2,moneysupermarket.com
 2018-05-30,UK,London,TSB,GBP,Bank,Mortgages,Mortgages,,2Year Fixed,5000.0,Offline,30,Variable,1.59%,3.5%,360000,20%,New Purchase,Primary Residence,Principal + Interest,2,moneysupermarket.com
 2018-05-30,UK,London,Barclays,GBP,Bank,Mortgages,Mortgages,,2Year Fixed,25000.0,Offline,30,Variable,1.6%,3.3%,360000,20%,New Purchase,Primary Residence,Principal + Interest,2,moneysupermarket.com
 2018-05-30,UK,London,TSB,GBP,Bank,Mortgages,Mortgages,,2Year Fixed,5000.0,Offline,30,Variable,1.59%,3.5%,360000,20%,New Purchase,Primary Residence,Principal + Interest,2,moneysupermarket.com
 2018-05-30,UK,London,Barclays,GBP,Bank,Mortgages,Mortgages,,2Year Fixed,25000.0,Offline,30,Variable,1.6%,3.3%,360000,20%,New Purchase,Primary Residence,Principal + Interest,2,moneysupermarket.com
 2018-05-30,UK,London,Virgin Money Plc.,GBP,Bank,Mortgages,Mortgages,,2Year Tracker,0.0,Offline,30,Variable,1.74%,3.9%,360000,20%,New Purchase,Primary Residence,Principal + Interest,2,moneysupermarket.com
 2018-05-30,UK,London,TSB,GBP,Bank,Mortgages,Mortgages,,2Year Fixed,5000.0,Offline,30,Variable,1.79%,3.5%,360000,20%,New Purchase,Primary Residence,Principal + Interest,2,moneysupermarket.com
 2018-05-30,UK,London,Barclays,GBP,Bank,Mortgages,Mortgages,,2Year Fixed,25000.0,Offline,30,Variable,1.82%,3.2%,360000,20%,New Purchase,Primary Residence,Principal + Interest,2,moneysupermarket.com
 2018-05-30,UK,London,HSBC,GBP,Bank,Mortgages,Mortgages,,2Year Fixed,10000.0,Offline,30,Variable,1.94%,3.2%,360000,20%,New Purchase,Primary Residence,Principal + Interest,2,moneysupermarket.com
 2018-05-30,UK,London,Metro Bank,GBP,Bank,Mortgages,Mortgages,,3Year Fixed With Fee,50000.0,Offline,30,Variable,1.94%,3.4%,360000,20%,New Purchase,Primary Residence,Principal + Interest,3,moneysupermarket.com
 2018-05-30,UK,London,Metro Bank,GBP,Bank,Mortgages,Mortgages,,2Year Fixed With Fee,50000.0,Offline,30,Variable,1.94%,3.7%,360000,20%,New Purchase,Primary Residence,Principal + Interest,2,moneysupermarket.com
 2018-05-30,UK,London,Virgin Money Plc.,GBP,Bank,Mortgages,Mortgages,,2Year Tracker,0.0,Offline,30,Variable,1.99%,4.0%,360000,20%,New Purchase,Primary Residence,Principal + Interest,2,moneysupermarket.com
 2018-05-30,UK,London,HSBC,GBP,Bank,Mortgages,Mortgages,,3Year Fixed,10000.0,Offline,30,Variable,2.09%,3.0%,360000,20%,New Purchase,Primary Residence,Principal + Interest,3,moneysupermarket.com
 2018-05-30,UK,London,TSB,GBP,Bank,Mortgages,Mortgages,,2Year Fixed,5000.0,Offline,30,Variable,2.09%,3.4%,360000,20%,New Purchase,Primary Residence,Principal + Interest,2,moneysupermarket.com
 2018-05-30,UK,London,NatWest,GBP,Bank,Mortgages,Mortgages,,5Year Fixed With Fee,25000.0,Offline,30,Variable,2.1%,2.9%,360000,20%,New Purchase,Primary Residence,Principal + Interest,5,moneysupermarket.com
 2018-05-30,UK,London,Royal Bank Of Scotland,GBP,Bank,Mortgages,Mortgages,,5Year Fixed With Fee,25000.0,Offline,30,Variable,2.1%,2.9%,360000,20%,New Purchase,Primary Residence,Principal + Interest,5,moneysupermarket.com
 2018-05-30,UK,London,TSB,GBP,Bank,Mortgages,Mortgages,,5Year Fixed,5000.0,Offline,30,Variable,2.14%,2.9%,360000,20%,New Purchase,Primary Residence,Principal + Interest,5,moneysupermarket.com
 2018-05-30,UK,London,Barclays,GBP,Bank,Mortgages,Mortgages,,5Year Fixed,25000.0,Offline,30,Variable,2.15%,2.8%,360000,20%,New Purchase,Primary Residence,Principal + Interest,5,moneysupermarket.com
 2018-05-30,UK,London,HSBC,GBP,Bank,Mortgages,Mortgages,,5Year Fixed,10000.0,Offline,30,Variable,2.29%,2.7%,360000,20%,New Purchase,Primary Residence,Principal + Interest,5,moneysupermarket.com
 2018-05-30,UK,London,Barclays,GBP,Bank,Mortgages,Mortgages,,5Year Fixed,25000.0,Offline,30,Variable,2.34%,2.8%,360000,20%,New Purchase,Primary Residence,Principal + Interest,5,moneysupermarket.com
 2018-05-30,UK,London,NatWest,GBP,Bank,Mortgages,Mortgages,,2Year Fixed,25000.0,Offline,30,Variable,2.64%,3.6%,360000,20%,New Purchase,Primary Residence,Principal + Interest,2,moneysupermarket.com
 2018-05-30,UK,London,Royal Bank Of Scotland,GBP,Bank,Mortgages,Mortgages,,2Year Fixed,25000.0,Offline,30,Variable,2.64%,3.6%,360000,20%,New Purchase,Primary Residence,Principal + Interest,2,moneysupermarket.com
 2018-05-30,UK,London,NatWest,GBP,Bank,Mortgages,Mortgages,,2Year Fixed,25000.0,Offline,30,Variable,2.94%,3.7%,360000,20%,New Purchase,Primary Residence,Principal + Interest,2,moneysupermarket.com
 2018-05-30,UK,London,Royal Bank Of Scotland,GBP,Bank,Mortgages,Mortgages,,2Year Fixed,25000.0,Offline,30,Variable,2.94%,3.7%,360000,20%,New Purchase,Primary Residence,Principal + Interest,2,moneysupermarket.com
 2018-05-30,UK,London,HSBC,GBP,Bank,Mortgages,Mortgages,,10Year Fixed,10000.0,Offline,30,Variable,2.99%,3.0%,360000,20%,New Purchase,Primary Residence,Principal + Interest,10,moneysupermarket.com
 2018-05-30,UK,London,Lloyds Bank,GBP,Bank,Mortgages,Mortgages,,2Year Fixed,5000.0,Offline,30,Variable,3.04%,4.0%,360000,20%,New Purchase,Primary Residence,Principal + Interest,2,moneysupermarket.com
 2018-05-30,UK,London,NatWest,GBP,Bank,Mortgages,Mortgages,,5Year Fixed,25000.0,Offline,30,Variable,3.38%,3.6%,360000,20%,New Purchase,Primary Residence,Principal + Interest,5,moneysupermarket.com
 2018-05-30,UK,London,Royal Bank Of Scotland,GBP,Bank,Mortgages,Mortgages,,5Year Fixed,25000.0,Offline,30,Variable,3.38%,3.6%,360000,20%,New Purchase,Primary Residence,Principal + Interest,5,moneysupermarket.com
 2018-05-30,UK,London,Virgin Money Plc.,GBP,Bank,Mortgages,Mortgages,,2Year Tracker,0.0,Offline,30,Variable,3.69%,4.8%,360000,20%,New Purchase,Primary Residence,Principal + Interest,2,moneysupermarket.com
