Date,Bank_Native_Country,State,Bank_Name,Bank_Local_Currency,Bank_Type,Bank_Product,Bank_Product_Type,Bank_Product_Code,Bank_Product_Name,Balance,Bank_Offer_Feature,Term_in_Months,Interest_Type,Interest,AER,Source
 2018-05-23,UK,London,Virgin Money Plc.,GBP,Bank,Deposits,Savings,,Double Take E-Saver Issue 6,"1-250,000",Online,,Fixed,1.26%,1.26%,moneysupermarket.com
 2018-05-23,UK,London,Virgin Money Plc.,GBP,Bank,Deposits,Savings,,Double Take E-Saver Issue 6,"1-250,000",Online,,Fixed,1.26%,1.26%,moneysupermarket.com
 2018-05-23,UK,London,Virgin Money Plc.,GBP,Bank,Deposits,Savings,,Easy Access Saver Issue 31,"1-250,000",Offline,,Fixed,1.01%,1.01%,moneysupermarket.com
 2018-05-23,UK,London,Virgin Money Plc.,GBP,Bank,Deposits,Savings,,Easy Access Saver Issue 31,"1-250,000",Offline,,Fixed,1.01%,1.01%,moneysupermarket.com
 2018-05-23,UK,London,Virgin Money Plc.,GBP,Bank,Deposits,Savings,,Manchester United Red Devil E-Saver Issue 4,"1-30,000",Online,,Fixed,0.5%,0.5%,moneysupermarket.com
 2018-05-23,UK,London,Virgin Money Plc.,GBP,Bank,Deposits,Savings,,Manchester United Red Devil E-Saver Issue 4,"1-30,000",Online,,Fixed,0.5%,0.5%,moneysupermarket.com
 2018-05-23,UK,London,Virgin Money Plc.,GBP,Bank,Deposits,Savings,,Manchester United Red Devil Saver Issue 4,"1-30,000",Offline,,Fixed,0.5%,0.5%,moneysupermarket.com
 2018-05-23,UK,London,Virgin Money Plc.,GBP,Bank,Deposits,Savings,,Manchester United Red Devil Saver Issue 4,"1-30,000",Offline,,Fixed,0.5%,0.5%,moneysupermarket.com
 2018-05-23,UK,London,HSBC,GBP,Bank,Deposits,Savings,,Online Bonus Saver,"1-50,000",Offline,,Fixed,0.45%,0.45%,moneysupermarket.com
 2018-05-23,UK,London,TSB,GBP,Bank,Deposits,Savings,,eSavings,"1-9,000,000",Offline,,Fixed,0.45%,0.45%,moneysupermarket.com
 2018-05-23,UK,London,Metro Bank,GBP,Bank,Deposits,Savings,,Instant Access Savings Account,"1-2,000,000",Offline,,Fixed,0.4%,0.4%,moneysupermarket.com
 2018-05-23,UK,London,TSB,GBP,Bank,Deposits,Savings,,Easy Saver,"1-9,000,000",Offline,,Fixed,0.4%,0.4%,moneysupermarket.com
 2018-05-23,UK,London,Santander Bank,GBP,Bank,Deposits,Savings,,123 eSaver (Issue 15),"1-2,000,000",Offline,,Fixed,0.25%,0.25%,moneysupermarket.com
 2018-05-23,UK,London,Santander Bank,GBP,Bank,Deposits,Savings,,123 eSaver (Issue 15),"1-2,000,000",Offline,,Fixed,0.25%,0.25%,moneysupermarket.com
 2018-05-23,UK,London,Santander Bank,GBP,Bank,Deposits,Savings,,Everyday Saver,"1-2,000,000",Offline,,Fixed,0.25%,0.25%,moneysupermarket.com
 2018-05-23,UK,London,Santander Bank,GBP,Bank,Deposits,Savings,,eSaver (Issue 15),"1-2,000,000",Offline,,Fixed,0.15%,0.15%,moneysupermarket.com
 2018-05-23,UK,London,Santander Bank,GBP,Bank,Deposits,Savings,,eSaver (Issue 15),"1-2,000,000",Offline,,Fixed,0.15%,0.15%,moneysupermarket.com
 2018-05-23,UK,London,Bank of Ireland,GBP,Bank,Deposits,Savings,,Classic Saver,1,Offline,,Fixed,0.1%,0.1%,moneysupermarket.com
 2018-05-23,UK,London,Clydesdale Bank,GBP,Bank,Deposits,Savings,,Instant Savings,"1-9,999",Offline,,Fixed,0.1%,0.1%,moneysupermarket.com
 2018-05-23,UK,London,Clydesdale Bank,GBP,Bank,Deposits,Savings,,Savings Account Plus,1,Offline,,Fixed,0.1%,0.1%,moneysupermarket.com
 2018-05-23,UK,London,Clydesdale Bank,GBP,Bank,Deposits,Savings,,Signature Savings Account,"1-49,999",Offline,,Fixed,0.1%,0.1%,moneysupermarket.com
 2018-05-23,UK,London,Royal Bank Of Scotland,GBP,Bank,Deposits,Savings,,Instant Access Savings Account,"1-49,999",Offline,,Fixed,0.1%,0.1%,moneysupermarket.com
 2018-05-23,UK,London,HSBC,GBP,Bank,Deposits,Savings,,Flexible Saver,1,Offline,,Fixed,0.05%,0.05%,moneysupermarket.com
 2018-05-23,UK,London,Virgin Money Plc.,GBP,Bank,Deposits,Savings,,Double Take Cash E-ISA Issue 1,1,Online,,Fixed,1.21%,1.21%,moneysupermarket.com
 2018-05-23,UK,London,Virgin Money Plc.,GBP,Bank,Deposits,Savings,,Double Take Cash E-ISA Issue 1,1,Online,,Fixed,1.21%,1.21%,moneysupermarket.com
 2018-05-23,UK,London,HSBC,GBP,Bank,Deposits,Savings,,Loyalty Cash ISA - Premier customers,1,Offline,,Fixed,0.75%,0.75%,moneysupermarket.com
 2018-05-23,UK,London,Metro Bank,GBP,Bank,Deposits,Savings,,Instant Access Cash ISA,1,Offline,,Fixed,0.75%,0.75%,moneysupermarket.com
 2018-05-23,UK,London,Lloyds Bank,GBP,Bank,Deposits,Savings,,Cash ISA Saver,1,Offline,,Fixed,0.35%,0.35%,moneysupermarket.com
 2018-05-23,UK,London,Santander Bank,GBP,Bank,Deposits,Savings,,eISA (Issue 4),500,Offline,,Fixed,0.35%,0.35%,moneysupermarket.com
 2018-05-23,UK,London,Santander Bank,GBP,Bank,Deposits,Savings,,Easy ISA,"1-39,999",Offline,,Fixed,0.1%,0.1%,moneysupermarket.com
 2018-05-23,UK,London,Santander Bank,GBP,Bank,Deposits,Current,,1|2|3 Mini Current Account,"30000-2,00000",Offline,,Fixed,3.00%,3.00%,moneysupermarket.com
 2018-05-23,UK,London,Santander Bank,GBP,Bank,Deposits,Current,,123 Current Account,"20,00000",Offline,,Fixed,1.50%,1.50%,moneysupermarket.com
 2018-05-23,UK,London,Santander Bank,GBP,Bank,Deposits,Current,,123 Lite Current Account,,Offline,,Fixed,0.00%,0.00%,moneysupermarket.com
 2018-05-23,UK,London,Santander Bank,GBP,Bank,Deposits,Current,,Everyday Current Account,,Offline,,Fixed,0.00%,0.00%,moneysupermarket.com
 2018-05-23,UK,London,Barclays,GBP,Bank,Deposits,Current,,Bank Account,,Offline,,Fixed,0.00%,0.00%,moneysupermarket.com
 2018-05-23,UK,London,Barclays,GBP,Bank,Deposits,Current,,Bank Account with Blue Rewards,,Offline,,Fixed,0.00%,0.00%,moneysupermarket.com
 2018-05-23,UK,London,NatWest,GBP,Bank,Deposits,Current,,Reward Account,,Offline,,Fixed,0.00%,0.00%,moneysupermarket.com
 2018-05-23,UK,London,NatWest,GBP,Bank,Deposits,Current,,Reward Platinum Account,,Offline,,Fixed,0.00%,0.00%,moneysupermarket.com
 2018-05-23,UK,London,NatWest,GBP,Bank,Deposits,Current,,Reward Silver Account,,Offline,,Fixed,0.00%,0.00%,moneysupermarket.com
 2018-05-23,UK,London,NatWest,GBP,Bank,Deposits,Current,,Select Account,,Offline,,Fixed,0.00%,0.00%,moneysupermarket.com
