Date,Bank_Native_Country,State,Bank_Name,Bank_Local_Currency,Bank_Type,Bank_Product,Bank_Product_Type,Bank_Product_Name,Balance,Bank_Offer_Feature,Term in Months,Interest_Type,Interest,AER,Bank_Product_Code
05-30-2018,UK,London,Clydesdale Bank,GBP,Bank,Deposits,Savings,Signature Savings Account,"100,000 and over",Offline,,Variable,0.50%,0.50%,
05-30-2018,UK,London,Clydesdale Bank,GBP,Bank,Deposits,Savings,Signature Savings Account,"50,000 - 99,999",Offline,,Variable,0.30%,0.30%,
05-30-2018,UK,London,Clydesdale Bank,GBP,Bank,Deposits,Savings,Signature Savings Account,"25,000 - 49,999",Offline,,Variable,0.10%,0.10%,
05-30-2018,UK,London,Clydesdale Bank,GBP,Bank,Deposits,Savings,Signature Savings Account,"0 - 24,999",Offline,,Variable,0.10%,0.10%,
05-30-2018,UK,London,Clydesdale Bank,GBP,Bank,Deposits,Savings,Instant Savings,"100,000 and over",Offline,,Variable,0.25 %,0.25 %,
05-30-2018,UK,London,Clydesdale Bank,GBP,Bank,Deposits,Savings,Instant Savings,"50,000-99,999 ",Offline,,Variable,0.20%,0.20%,
05-30-2018,UK,London,Clydesdale Bank,GBP,Bank,Deposits,Savings,Instant Savings,"25,000-49,999 ",Offline,,Variable,0.15%,0.15%,
05-30-2018,UK,London,Clydesdale Bank,GBP,Bank,Deposits,Savings,Instant Savings,"10,000-24,999",Offline,,Variable,0.15%,0.15%,
05-30-2018,UK,London,Clydesdale Bank,GBP,Bank,Deposits,Savings,Instant Savings,"5,000-9,999",Offline,,Variable,0.10%,0.10%,
05-30-2018,UK,London,Clydesdale Bank,GBP,Bank,Deposits,Savings,Instant Savings,"250-4,999",Offline,,Variable,0.10%,0.10%,
05-30-2018,UK,London,Clydesdale Bank,GBP,Bank,Deposits,Savings,Instant Savings,1-249,Offline,,Variable,0.10%,0.10%,
05-30-2018,UK,London,Clydesdale Bank,GBP,Bank,Deposits,Term Deposits,3 months,"2,000",Offline,3,Variable,0.45%,0.45%,
05-30-2018,UK,London,Clydesdale Bank,GBP,Bank,Deposits,Term Deposits,6 months,"2,000",Offline,6,Variable,0.90%,0.90%,
05-30-2018,UK,London,Clydesdale Bank,GBP,Bank,Deposits,Term Deposits,12 months,"2,000",Offline,12,Variable,1.29%,1.30%,
05-30-2018,UK,London,Clydesdale Bank,GBP,Bank,Deposits,Term Deposits,24 months,"2,000",Offline,24,Variable,1.59%,1.60%,
05-30-2018,UK,London,Clydesdale Bank,GBP,Bank,Deposits,Term Deposits,36 months,"2,000",Offline,36,Variable,1.74%,1.75%,
05-30-2018,UK,London,Clydesdale Bank,GBP,Bank,Deposits,Term Deposits,60 months,"2,000",Offline,60,Variable,1.98%,2.00%,
05-30-2018,UK,London,Clydesdale Bank,GBP,Bank,Deposits,Current,Current Account,"Balances up to 2,000",Offline,,Variable,0.50%,0.50%,
05-30-2018,UK,London,Clydesdale Bank,GBP,Bank,Deposits,Current,Current Account,"Balances in excess of 2,000",Offline,,Variable,0.00%,0.00%,
