Date,Bank_Native_Country,State,Bank_Name,Bank_Local_Currency,Bank_Type,Bank_Product,Bank_Product_Type,Bank_Product_Name,Balance,Bank_Offer_Feature,Term in Months,Interest_Type,Interest,AER,Bank_Product_Code
05-23-2018,UK,London,Royal Bank Of Scotland,GBP,Bank,Deposits,Savings,Instant Saver,"1 - 24,999",Offline,,Variable,0.10%,0.10%,
05-23-2018,UK,London,Royal Bank Of Scotland,GBP,Bank,Deposits,Savings,Instant Saver,"25,000 - 99,999",Offline,,Variable,0.20%,0.20%,
05-23-2018,UK,London,Royal Bank Of Scotland,GBP,Bank,Deposits,Savings,Instant Saver,"above 100,000",Offline,,Variable,0.25%,0.25%,
05-23-2018,UK,London,Royal Bank Of Scotland,GBP,Bank,Deposits,Savings,Instant Access ISA,"1 - 24,999",Offline,,Variable,0.25%,,
05-23-2018,UK,London,Royal Bank Of Scotland,GBP,Bank,Deposits,Savings,Instant Access ISA,"above 25,000",Offline,,Variable,0.75%,,
05-23-2018,UK,London,Royal Bank Of Scotland,GBP,Bank,Deposits,Term Deposits,Fixed Rate ISA 1 year fixed,"1,000 - 24,999",Offline,12.0,Fixed,1.00%,,
05-23-2018,UK,London,Royal Bank Of Scotland,GBP,Bank,Deposits,Term Deposits,Fixed Rate ISA 1 year fixed,"above 25,000",Offline,12.0,Fixed,1.10%,,
05-23-2018,UK,London,Royal Bank Of Scotland,GBP,Bank,Deposits,Term Deposits,Fixed Rate ISA 2 year fixed,"1,000 - 24,999",Offline,24.0,Fixed,1.15%,,
05-23-2018,UK,London,Royal Bank Of Scotland,GBP,Bank,Deposits,Term Deposits,Fixed Rate ISA 2 year fixed,"above 25,000",Offline,24.0,Fixed,1.25%,,
05-23-2018,UK,London,Royal Bank Of Scotland,GBP,Bank,Deposits,Term Deposits,Fixed Term Savings Account 1 year fixed,"500 - 49,999",Offline,12.0,Fixed,0.90%,0.90%,
05-23-2018,UK,London,Royal Bank Of Scotland,GBP,Bank,Deposits,Term Deposits,Fixed Term Savings Account 1 year fixed,"50,000 - 2,000,000",Offline,12.0,Fixed,0.95%,0.95%,
05-23-2018,UK,London,Royal Bank Of Scotland,GBP,Bank,Deposits,Term Deposits,Fixed Term Savings Account 2 year fixed,"500 - 49,999",Offline,24.0,Fixed,1.00%,1.00%,
05-23-2018,UK,London,Royal Bank Of Scotland,GBP,Bank,Deposits,Term Deposits,Fixed Term Savings Account 2 year fixed,"50,000 - 2,000,000",Offline,24.0,Fixed,1.05%,1.06%,
05-23-2018,UK,London,Royal Bank Of Scotland,GBP,Bank,Deposits,Current,An everyday bank account,,Offline,,,,,
