Date,Bank_Native_Country,State,Bank_Name,Bank_Local_Currency,Bank_Type,Bank_Product,Bank_Product_Type,Bank_Product_Name,Min_Loan_Amount,Bank_Offer_Feature,Term (Y),Interest_Type,Interest,APRC,Mortgage_Loan_Amt,Mortgage_Down_Payment,Mortgage_Category,Mortgage_Reason,Mortgage_Pymt_Mode,Fixed_Rate_Term,Bank_Product_Code
 2018-05-23,UK,London,Halifax,GBP,Bank,Mortgages,Mortgages,2 year Fixed LTV 75 to 80,,Offline,10,Fixed,2.54% ,3.9%,72000,20%,New Purchase,Primary Residence,Principal + Interest,2,
 2018-05-23,UK,London,Halifax,GBP,Bank,Mortgages,Mortgages,2 year Fixed LTV 80 to 85,,Offline,10,Fixed,2.65% ,3.9%,72000,20%,New Purchase,Primary Residence,Principal + Interest,2,
 2018-05-23,UK,London,Halifax,GBP,Bank,Mortgages,Mortgages,5 year Fixed LTV 75 to 80,,Offline,10,Fixed,2.62% ,3.6%,72000,20%,New Purchase,Primary Residence,Principal + Interest,5,
 2018-05-23,UK,London,Halifax,GBP,Bank,Mortgages,Mortgages,5 year Fixed LTV 80 to 85,,Offline,10,Fixed,2.73% ,3.6%,72000,20%,New Purchase,Primary Residence,Principal + Interest,5,
 2018-05-23,UK,London,Halifax,GBP,Bank,Mortgages,Mortgages,2 year Fixed LTV 75 to 80,,Offline,15,Fixed,2.54% ,3.9%,72000,20%,New Purchase,Primary Residence,Principal + Interest,2,
 2018-05-23,UK,London,Halifax,GBP,Bank,Mortgages,Mortgages,2 year Fixed LTV 80 to 85,,Offline,15,Fixed,2.65% ,3.9%,72000,20%,New Purchase,Primary Residence,Principal + Interest,2,
 2018-05-23,UK,London,Halifax,GBP,Bank,Mortgages,Mortgages,5 year Fixed LTV 75 to 80,,Offline,15,Fixed,2.62% ,3.6%,72000,20%,New Purchase,Primary Residence,Principal + Interest,5,
 2018-05-23,UK,London,Halifax,GBP,Bank,Mortgages,Mortgages,5 year Fixed LTV 80 to 85,,Offline,15,Fixed,2.73% ,3.6%,72000,20%,New Purchase,Primary Residence,Principal + Interest,5,
 2018-05-23,UK,London,Halifax,GBP,Bank,Mortgages,Mortgages,2 year Fixed LTV 75 to 80,,Offline,25,Fixed,2.54% ,3.9%,72000,20%,New Purchase,Primary Residence,Principal + Interest,2,
 2018-05-23,UK,London,Halifax,GBP,Bank,Mortgages,Mortgages,2 year Fixed LTV 80 to 85,,Offline,25,Fixed,2.65% ,3.9%,72000,20%,New Purchase,Primary Residence,Principal + Interest,2,
 2018-05-23,UK,London,Halifax,GBP,Bank,Mortgages,Mortgages,5 year Fixed LTV 75 to 80,,Offline,25,Fixed,2.62% ,3.6%,72000,20%,New Purchase,Primary Residence,Principal + Interest,5,
 2018-05-23,UK,London,Halifax,GBP,Bank,Mortgages,Mortgages,5 year Fixed LTV 80 to 85,,Offline,25,Fixed,2.73% ,3.6%,72000,20%,New Purchase,Primary Residence,Principal + Interest,5,
 2018-05-23,UK,London,Halifax,GBP,Bank,Mortgages,Mortgages,2 year Fixed LTV 75 to 80,,Offline,30,Fixed,2.54% ,3.9%,72000,20%,New Purchase,Primary Residence,Principal + Interest,2,
 2018-05-23,UK,London,Halifax,GBP,Bank,Mortgages,Mortgages,2 year Fixed LTV 80 to 85,,Offline,30,Fixed,2.65% ,3.9%,72000,20%,New Purchase,Primary Residence,Principal + Interest,2,
 2018-05-23,UK,London,Halifax,GBP,Bank,Mortgages,Mortgages,5 year Fixed LTV 75 to 80,,Offline,30,Fixed,2.62% ,3.6%,72000,20%,New Purchase,Primary Residence,Principal + Interest,5,
 2018-05-23,UK,London,Halifax,GBP,Bank,Mortgages,Mortgages,5 year Fixed LTV 80 to 85,,Offline,30,Fixed,2.73% ,3.6%,72000,20%,New Purchase,Primary Residence,Principal + Interest,5,
 2018-05-23,UK,London,Halifax,GBP,Bank,Mortgages,Mortgages,2 year Fixed LTV 75 to 80,,Offline,10,Fixed,2.05% ,3.8%,216000,20%,New Purchase,Primary Residence,Principal + Interest,2,
 2018-05-23,UK,London,Halifax,GBP,Bank,Mortgages,Mortgages,2 year Fixed LTV 80 to 85,,Offline,10,Fixed,2.16% ,3.9%,216000,20%,New Purchase,Primary Residence,Principal + Interest,2,
 2018-05-23,UK,London,Halifax,GBP,Bank,Mortgages,Mortgages,2 year Fixed LTV 75 to 80,,Offline,10,Fixed,2.54% ,3.9%,216000,20%,New Purchase,Primary Residence,Principal + Interest,2,
 2018-05-23,UK,London,Halifax,GBP,Bank,Mortgages,Mortgages,2 year Fixed LTV 80 to 85,,Offline,10,Fixed,2.65% ,3.9%,216000,20%,New Purchase,Primary Residence,Principal + Interest,2,
 2018-05-23,UK,London,Halifax,GBP,Bank,Mortgages,Mortgages,5 year Fixed LTV 75 to 80,,Offline,10,Fixed,2.14% ,3.5%,216000,20%,New Purchase,Primary Residence,Principal + Interest,5,
 2018-05-23,UK,London,Halifax,GBP,Bank,Mortgages,Mortgages,5 year Fixed LTV 80 to 85,,Offline,10,Fixed,2.45% ,3.6%,216000,20%,New Purchase,Primary Residence,Principal + Interest,5,
 2018-05-23,UK,London,Halifax,GBP,Bank,Mortgages,Mortgages,5 year Fixed LTV 75 to 80,,Offline,10,Fixed,2.62% ,3.6%,216000,20%,New Purchase,Primary Residence,Principal + Interest,5,
 2018-05-23,UK,London,Halifax,GBP,Bank,Mortgages,Mortgages,5 year Fixed LTV 80 to 85,,Offline,10,Fixed,2.73% ,3.6%,216000,20%,New Purchase,Primary Residence,Principal + Interest,5,
 2018-05-23,UK,London,Halifax,GBP,Bank,Mortgages,Mortgages,2 year Fixed LTV 75 to 80,,Offline,15,Fixed,2.05% ,3.8%,216000,20%,New Purchase,Primary Residence,Principal + Interest,2,
 2018-05-23,UK,London,Halifax,GBP,Bank,Mortgages,Mortgages,2 year Fixed LTV 80 to 85,,Offline,15,Fixed,2.16% ,3.9%,216000,20%,New Purchase,Primary Residence,Principal + Interest,2,
 2018-05-23,UK,London,Halifax,GBP,Bank,Mortgages,Mortgages,2 year Fixed LTV 75 to 80,,Offline,15,Fixed,2.54% ,3.9%,216000,20%,New Purchase,Primary Residence,Principal + Interest,2,
 2018-05-23,UK,London,Halifax,GBP,Bank,Mortgages,Mortgages,2 year Fixed LTV 80 to 85,,Offline,15,Fixed,2.65% ,3.9%,216000,20%,New Purchase,Primary Residence,Principal + Interest,2,
 2018-05-23,UK,London,Halifax,GBP,Bank,Mortgages,Mortgages,5 year Fixed LTV 75 to 80,,Offline,15,Fixed,2.14% ,3.5%,216000,20%,New Purchase,Primary Residence,Principal + Interest,5,
 2018-05-23,UK,London,Halifax,GBP,Bank,Mortgages,Mortgages,5 year Fixed LTV 80 to 85,,Offline,15,Fixed,2.45% ,3.6%,216000,20%,New Purchase,Primary Residence,Principal + Interest,5,
 2018-05-23,UK,London,Halifax,GBP,Bank,Mortgages,Mortgages,5 year Fixed LTV 75 to 80,,Offline,15,Fixed,2.62% ,3.6%,216000,20%,New Purchase,Primary Residence,Principal + Interest,5,
 2018-05-23,UK,London,Halifax,GBP,Bank,Mortgages,Mortgages,5 year Fixed LTV 80 to 85,,Offline,15,Fixed,2.73% ,3.6%,216000,20%,New Purchase,Primary Residence,Principal + Interest,5,
 2018-05-23,UK,London,Halifax,GBP,Bank,Mortgages,Mortgages,2 year Fixed LTV 75 to 80,,Offline,25,Fixed,2.05% ,3.8%,216000,20%,New Purchase,Primary Residence,Principal + Interest,2,
 2018-05-23,UK,London,Halifax,GBP,Bank,Mortgages,Mortgages,2 year Fixed LTV 80 to 85,,Offline,25,Fixed,2.16% ,3.9%,216000,20%,New Purchase,Primary Residence,Principal + Interest,2,
 2018-05-23,UK,London,Halifax,GBP,Bank,Mortgages,Mortgages,2 year Fixed LTV 75 to 80,,Offline,25,Fixed,2.54% ,3.9%,216000,20%,New Purchase,Primary Residence,Principal + Interest,2,
 2018-05-23,UK,London,Halifax,GBP,Bank,Mortgages,Mortgages,2 year Fixed LTV 80 to 85,,Offline,25,Fixed,2.65% ,3.9%,216000,20%,New Purchase,Primary Residence,Principal + Interest,2,
 2018-05-23,UK,London,Halifax,GBP,Bank,Mortgages,Mortgages,5 year Fixed LTV 75 to 80,,Offline,25,Fixed,2.14% ,3.5%,216000,20%,New Purchase,Primary Residence,Principal + Interest,5,
 2018-05-23,UK,London,Halifax,GBP,Bank,Mortgages,Mortgages,5 year Fixed LTV 80 to 85,,Offline,25,Fixed,2.45% ,3.6%,216000,20%,New Purchase,Primary Residence,Principal + Interest,5,
 2018-05-23,UK,London,Halifax,GBP,Bank,Mortgages,Mortgages,5 year Fixed LTV 75 to 80,,Offline,25,Fixed,2.62% ,3.6%,216000,20%,New Purchase,Primary Residence,Principal + Interest,5,
 2018-05-23,UK,London,Halifax,GBP,Bank,Mortgages,Mortgages,5 year Fixed LTV 80 to 85,,Offline,25,Fixed,2.73% ,3.6%,216000,20%,New Purchase,Primary Residence,Principal + Interest,5,
 2018-05-23,UK,London,Halifax,GBP,Bank,Mortgages,Mortgages,2 year Fixed LTV 75 to 80,,Offline,30,Fixed,2.05% ,3.8%,216000,20%,New Purchase,Primary Residence,Principal + Interest,2,
 2018-05-23,UK,London,Halifax,GBP,Bank,Mortgages,Mortgages,2 year Fixed LTV 80 to 85,,Offline,30,Fixed,2.16% ,3.9%,216000,20%,New Purchase,Primary Residence,Principal + Interest,2,
 2018-05-23,UK,London,Halifax,GBP,Bank,Mortgages,Mortgages,2 year Fixed LTV 75 to 80,,Offline,30,Fixed,2.54% ,3.9%,216000,20%,New Purchase,Primary Residence,Principal + Interest,2,
 2018-05-23,UK,London,Halifax,GBP,Bank,Mortgages,Mortgages,2 year Fixed LTV 80 to 85,,Offline,30,Fixed,2.65% ,3.9%,216000,20%,New Purchase,Primary Residence,Principal + Interest,2,
 2018-05-23,UK,London,Halifax,GBP,Bank,Mortgages,Mortgages,5 year Fixed LTV 75 to 80,,Offline,30,Fixed,2.14% ,3.5%,216000,20%,New Purchase,Primary Residence,Principal + Interest,5,
 2018-05-23,UK,London,Halifax,GBP,Bank,Mortgages,Mortgages,5 year Fixed LTV 80 to 85,,Offline,30,Fixed,2.45% ,3.6%,216000,20%,New Purchase,Primary Residence,Principal + Interest,5,
 2018-05-23,UK,London,Halifax,GBP,Bank,Mortgages,Mortgages,5 year Fixed LTV 75 to 80,,Offline,30,Fixed,2.62% ,3.6%,216000,20%,New Purchase,Primary Residence,Principal + Interest,5,
 2018-05-23,UK,London,Halifax,GBP,Bank,Mortgages,Mortgages,5 year Fixed LTV 80 to 85,,Offline,30,Fixed,2.73% ,3.6%,216000,20%,New Purchase,Primary Residence,Principal + Interest,5,
 2018-05-23,UK,London,Halifax,GBP,Bank,Mortgages,Mortgages,2 year Fixed LTV 75 to 80,,Offline,10,Fixed,1.58% ,3.8%,360000,20%,New Purchase,Primary Residence,Principal + Interest,2,
 2018-05-23,UK,London,Halifax,GBP,Bank,Mortgages,Mortgages,2 year Fixed LTV 80 to 85,,Offline,10,Fixed,1.7% ,3.8%,360000,20%,New Purchase,Primary Residence,Principal + Interest,2,
 2018-05-23,UK,London,Halifax,GBP,Bank,Mortgages,Mortgages,2 year Fixed LTV 75 to 80,,Offline,10,Fixed,2.54% ,3.9%,360000,20%,New Purchase,Primary Residence,Principal + Interest,2,
 2018-05-23,UK,London,Halifax,GBP,Bank,Mortgages,Mortgages,2 year Fixed LTV 80 to 85,,Offline,10,Fixed,2.65% ,3.9%,360000,20%,New Purchase,Primary Residence,Principal + Interest,2,
 2018-05-23,UK,London,Halifax,GBP,Bank,Mortgages,Mortgages,5 year Fixed LTV 75 to 80,,Offline,10,Fixed,2.04% ,3.5%,360000,20%,New Purchase,Primary Residence,Principal + Interest,5,
 2018-05-23,UK,London,Halifax,GBP,Bank,Mortgages,Mortgages,5 year Fixed LTV 80 to 85,,Offline,10,Fixed,2.39% ,3.6%,360000,20%,New Purchase,Primary Residence,Principal + Interest,5,
 2018-05-23,UK,London,Halifax,GBP,Bank,Mortgages,Mortgages,5 year Fixed LTV 75 to 80,,Offline,10,Fixed,2.62% ,3.6%,360000,20%,New Purchase,Primary Residence,Principal + Interest,5,
 2018-05-23,UK,London,Halifax,GBP,Bank,Mortgages,Mortgages,5 year Fixed LTV 80 to 85,,Offline,10,Fixed,2.73% ,3.6%,360000,20%,New Purchase,Primary Residence,Principal + Interest,5,
 2018-05-23,UK,London,Halifax,GBP,Bank,Mortgages,Mortgages,2 year Fixed LTV 75 to 80,,Offline,15,Fixed,1.58% ,3.8%,360000,20%,New Purchase,Primary Residence,Principal + Interest,2,
 2018-05-23,UK,London,Halifax,GBP,Bank,Mortgages,Mortgages,2 year Fixed LTV 80 to 85,,Offline,15,Fixed,1.7% ,3.8%,360000,20%,New Purchase,Primary Residence,Principal + Interest,2,
 2018-05-23,UK,London,Halifax,GBP,Bank,Mortgages,Mortgages,2 year Fixed LTV 75 to 80,,Offline,15,Fixed,2.54% ,3.9%,360000,20%,New Purchase,Primary Residence,Principal + Interest,2,
 2018-05-23,UK,London,Halifax,GBP,Bank,Mortgages,Mortgages,2 year Fixed LTV 80 to 85,,Offline,15,Fixed,2.65% ,3.9%,360000,20%,New Purchase,Primary Residence,Principal + Interest,2,
 2018-05-23,UK,London,Halifax,GBP,Bank,Mortgages,Mortgages,5 year Fixed LTV 75 to 80,,Offline,15,Fixed,2.04% ,3.5%,360000,20%,New Purchase,Primary Residence,Principal + Interest,5,
 2018-05-23,UK,London,Halifax,GBP,Bank,Mortgages,Mortgages,5 year Fixed LTV 80 to 85,,Offline,15,Fixed,2.39% ,3.6%,360000,20%,New Purchase,Primary Residence,Principal + Interest,5,
 2018-05-23,UK,London,Halifax,GBP,Bank,Mortgages,Mortgages,5 year Fixed LTV 75 to 80,,Offline,15,Fixed,2.62% ,3.6%,360000,20%,New Purchase,Primary Residence,Principal + Interest,5,
 2018-05-23,UK,London,Halifax,GBP,Bank,Mortgages,Mortgages,5 year Fixed LTV 80 to 85,,Offline,15,Fixed,2.73% ,3.6%,360000,20%,New Purchase,Primary Residence,Principal + Interest,5,
 2018-05-23,UK,London,Halifax,GBP,Bank,Mortgages,Mortgages,2 year Fixed LTV 75 to 80,,Offline,25,Fixed,1.58% ,3.8%,360000,20%,New Purchase,Primary Residence,Principal + Interest,2,
 2018-05-23,UK,London,Halifax,GBP,Bank,Mortgages,Mortgages,2 year Fixed LTV 80 to 85,,Offline,25,Fixed,1.7% ,3.8%,360000,20%,New Purchase,Primary Residence,Principal + Interest,2,
 2018-05-23,UK,London,Halifax,GBP,Bank,Mortgages,Mortgages,2 year Fixed LTV 75 to 80,,Offline,25,Fixed,2.54% ,3.9%,360000,20%,New Purchase,Primary Residence,Principal + Interest,2,
 2018-05-23,UK,London,Halifax,GBP,Bank,Mortgages,Mortgages,2 year Fixed LTV 80 to 85,,Offline,25,Fixed,2.65% ,3.9%,360000,20%,New Purchase,Primary Residence,Principal + Interest,2,
 2018-05-23,UK,London,Halifax,GBP,Bank,Mortgages,Mortgages,5 year Fixed LTV 75 to 80,,Offline,25,Fixed,2.04% ,3.5%,360000,20%,New Purchase,Primary Residence,Principal + Interest,5,
 2018-05-23,UK,London,Halifax,GBP,Bank,Mortgages,Mortgages,5 year Fixed LTV 80 to 85,,Offline,25,Fixed,2.39% ,3.6%,360000,20%,New Purchase,Primary Residence,Principal + Interest,5,
 2018-05-23,UK,London,Halifax,GBP,Bank,Mortgages,Mortgages,5 year Fixed LTV 75 to 80,,Offline,25,Fixed,2.62% ,3.6%,360000,20%,New Purchase,Primary Residence,Principal + Interest,5,
 2018-05-23,UK,London,Halifax,GBP,Bank,Mortgages,Mortgages,5 year Fixed LTV 80 to 85,,Offline,25,Fixed,2.73% ,3.6%,360000,20%,New Purchase,Primary Residence,Principal + Interest,5,
 2018-05-23,UK,London,Halifax,GBP,Bank,Mortgages,Mortgages,2 year Fixed LTV 75 to 80,,Offline,30,Fixed,1.58% ,3.8%,360000,20%,New Purchase,Primary Residence,Principal + Interest,2,
 2018-05-23,UK,London,Halifax,GBP,Bank,Mortgages,Mortgages,2 year Fixed LTV 80 to 85,,Offline,30,Fixed,1.7% ,3.8%,360000,20%,New Purchase,Primary Residence,Principal + Interest,2,
 2018-05-23,UK,London,Halifax,GBP,Bank,Mortgages,Mortgages,2 year Fixed LTV 75 to 80,,Offline,30,Fixed,2.54% ,3.9%,360000,20%,New Purchase,Primary Residence,Principal + Interest,2,
 2018-05-23,UK,London,Halifax,GBP,Bank,Mortgages,Mortgages,2 year Fixed LTV 80 to 85,,Offline,30,Fixed,2.65% ,3.9%,360000,20%,New Purchase,Primary Residence,Principal + Interest,2,
 2018-05-23,UK,London,Halifax,GBP,Bank,Mortgages,Mortgages,5 year Fixed LTV 75 to 80,,Offline,30,Fixed,2.04% ,3.5%,360000,20%,New Purchase,Primary Residence,Principal + Interest,5,
 2018-05-23,UK,London,Halifax,GBP,Bank,Mortgages,Mortgages,5 year Fixed LTV 80 to 85,,Offline,30,Fixed,2.39% ,3.6%,360000,20%,New Purchase,Primary Residence,Principal + Interest,5,
 2018-05-23,UK,London,Halifax,GBP,Bank,Mortgages,Mortgages,5 year Fixed LTV 75 to 80,,Offline,30,Fixed,2.62% ,3.6%,360000,20%,New Purchase,Primary Residence,Principal + Interest,5,
 2018-05-23,UK,London,Halifax,GBP,Bank,Mortgages,Mortgages,5 year Fixed LTV 80 to 85,,Offline,30,Fixed,2.73% ,3.6%,360000,20%,New Purchase,Primary Residence,Principal + Interest,5,
