Date,Bank_Native_Country,State,Bank_Name,Bank_Local_Currency,Bank_Type,Bank_Product,Bank_Product_Type,Bank_Product_Name,Balance,Bank_Offer_Feature,Term in Months,Interest_Type,Interest,AER,Bank_Product_Code
05-30-2018,UK,London,Bank of Scotland,GBP,Bank,Deposits,Savings,Access Saver,,Offline,12.0,Variable,0.20% ,0.20% ,
05-30-2018,UK,London,Bank of Scotland,GBP,Bank,Deposits,Savings,Monthly Saver,,Offline,,Fixed,2.50% ,2.50% ,
05-30-2018,UK,London,Bank of Scotland,GBP,Bank,Deposits,Savings,Access Cash ISA,,Offline,12.0,Variable,0.35%  ,0.35%  ,
05-30-2018,UK,London,Bank of Scotland,GBP,Bank,Deposits,Savings,Fixed Cash ISA,,Offline,24.0,Fixed,0.50%  ,0.50%  ,
05-30-2018,UK,London,Bank of Scotland,GBP,Bank,Deposits,Term Deposits,Fixed Rate Bond,,Offline,24.0,Fixed,0.50% ,0.50% ,
05-30-2018,UK,London,Bank of Scotland,GBP,Bank,Deposits,Current,Classic Account,"1-5,000",Offline,,Variable,1.98%,2%,
