Date,Bank_Native_Country,State,Bank_Name,Bank_Local_Currency,Bank_Type,Bank_Product,Bank_Product_Type,Bank_Product_Name,Balance,Bank_Offer_Feature,Term in Months,Interest_Type,Interest,AER,Bank_Product_Code
2018-05-30,UK,London,Barclays,GBP,Bank,Deposits,Savings,Everyday Saver," 1-49,999",Offline,,Fixed,0.20%,0.20%,
2018-05-30,UK,London,Barclays,GBP,Bank,Deposits,Savings,Everyday Saver," 50,000-10000000",Offline,,Fixed,0.25%,0.25%,
2018-05-30,UK,London,Barclays,GBP,Bank,Deposits,Savings,Instant Cash ISA," 1-29,999",Offline,,Fixed,0.55%,0.55%,
2018-05-30,UK,London,Barclays,GBP,Bank,Deposits,Savings,Instant Cash ISA," 30,000-99,999",Offline,,Fixed,0.65%,0.65%,
2018-05-30,UK,London,Barclays,GBP,Bank,Deposits,Savings,Instant Cash ISA," 100,000",Offline,,Fixed,0.75%,0.75%,
2018-05-30,UK,London,Barclays,GBP,Bank,Deposits,Savings,2-Year Flexible Cash ISA, 1-1000000,Offline,24.0,Fixed,1.25%,1.25%,
2018-05-30,UK,London,Barclays,GBP,Bank,Deposits,Term Deposits,3-Year Flexible Bond, 1-1000000,Offline,36.0,Fixed,1.81%,1.81%,
2018-05-30,UK,London,Barclays,GBP,Bank,Deposits,Term Deposits,2-Year Flexible Bond, 1-1000000,Offline,24.0,Fixed,1.00%,1.00%,
2018-05-30,UK,London,Barclays,GBP,Bank,Deposits,Current,Barclays Bank Account, ,Offline,,Fixed,,,
2018-05-30,UK,London,Barclays,GBP,Bank,Deposits,Current,Premier Current Accounts, ,Offline,,Fixed,,,
