Date,Bank_Native_Country,State,Bank_Name,Bank_Local_Currency,Bank_Type,Bank_Product,Bank_Product_Type,Bank_Product_name,Balance,Bank_Offer_Feature,Term in Months,Interest_Type,Interest,AER,Bank_Product_Code
5/23/2018,UK,London,Metro Bank,GBP,Bank,Deposits,Savings,Instant Access Savings,1,Offline,,Variable,0.40%,0.40%,
5/23/2018,UK,London,Metro Bank,GBP,Bank,Deposits,Savings,Instant access cash isa,1,Offline,,Variable,0.75%,0.75%,
5/23/2018,UK,London,Metro Bank,GBP,Bank,Deposits,Savings,Fixed rate cash ISA,1,Offline,12,Variable,1.25%,1.25%,
5/23/2018,UK,London,Metro Bank,GBP,Bank,Deposits,Savings,Fixed rate cash ISA,1,Offline,24,Variable,1.40%,1.40%,
5/23/2018,UK,London,Metro Bank,GBP,Bank,Deposits,Savings,Fixed rate cash ISA,1,Offline,36,Variable,1.50%,1.50%,
5/23/2018,UK,London,Metro Bank,GBP,Bank,Deposits,Savings,Fixed rate cash ISA,1,Offline,60,Variable,1.75%,1.75%,
5/23/2018,UK,London,Metro Bank,GBP,Bank,Deposits,Savings,Fixed Term Savings,500,Offline,3,Variable,0.75%,0.75%,
5/23/2018,UK,London,Metro Bank,GBP,Bank,Deposits,Savings,Fixed Term Savings,500,Offline,6,Variable,1.00%,1.00%,
5/23/2018,UK,London,Metro Bank,GBP,Bank,Deposits,Savings,Fixed Term Savings,500,Offline,12,Variable,1.65%,1.65%,
5/23/2018,UK,London,Metro Bank,GBP,Bank,Deposits,Savings,Fixed Term Savings,500,Offline,18,Variable,1.90%,1.90%,
5/23/2018,UK,London,Metro Bank,GBP,Bank,Deposits,Savings,Fixed Term Savings,500,Offline,36,Variable,2.00%,2.00%,
5/23/2018,UK,London,Metro Bank,GBP,Bank,Deposits,Current,Current Account,0,Offline,,Variable,,,
