Date,Bank_Native_Country,State,Bank_Name,Bank_Local_Currency,Bank_Type,Bank_Product,Bank_Product_Type,Bank_Product_Name,Min_Loan_Amount,Bank_Offer_Feature,Term (Y),Interest_Type,Interest,APRC,Mortgage_Loan_Amt,Mortgage_Down_Payment,Mortgage_Category,Mortgage_Reason,Mortgage_Pymt_Mode,Fixed_Rate_Term,Bank_Product_Code
2018-05-30,UK,London,Clydesdale Bank,GBP,Bank,Mortgages,Mortgages,2 Year Discounted Standard Variable Rate (SVR Minus 2.91%) (C),,Offline,30,Variable,2.04%,4.6%,72000,25%,New Purchase,Primary Residence,Principal + Interest,2,
2018-05-30,UK,London,Clydesdale Bank,GBP,Bank,Mortgages,Mortgages,2 Year Discounted Standard Variable Rate - Fee Offer (SVR Minus 2.41%)  (C),,Offline,30,Variable,2.54%,4.6%,72000,25%,New Purchase,Primary Residence,Principal + Interest,2,
2018-05-30,UK,London,Clydesdale Bank,GBP,Bank,Mortgages,Mortgages,2 Year Fixed Rate (C),,Offline,30,Variable,1.79%,4.5%,72000,25%,New Purchase,Primary Residence,Principal + Interest,2,
2018-05-30,UK,London,Clydesdale Bank,GBP,Bank,Mortgages,Mortgages,2 Year Fixed Rate - Fee Offer (C),,Offline,30,Variable,2.54%,4.6%,72000,25%,New Purchase,Primary Residence,Principal + Interest,2,
2018-05-30,UK,London,Clydesdale Bank,GBP,Bank,Mortgages,Mortgages,5 Year Fixed Rate (C),,Offline,30,Variable,2.59%,4.2%,72000,25%,New Purchase,Primary Residence,Principal + Interest,5,
2018-05-30,UK,London,Clydesdale Bank,GBP,Bank,Mortgages,Mortgages,5 Year Fixed Rate - Fee Offer (C),,Offline,30,Variable,2.94%,4.2%,72000,25%,New Purchase,Primary Residence,Principal + Interest,5,
2018-05-30,UK,London,Clydesdale Bank,GBP,Bank,Mortgages,Mortgages,Offset 2 Year Discount (OVR Minus 2.21%) (C),,Offline,30,Variable,2.74%,4.7%,72000,25%,New Purchase,Primary Residence,Principal + Interest,,
2018-05-30,UK,London,Clydesdale Bank,GBP,Bank,Mortgages,Mortgages,2 Year Discounted Standard Variable Rate (SVR Minus 2.91%) (C),,Offline,30,Variable,2.04%,4.6%,216000,25%,New Purchase,Primary Residence,Principal + Interest,2,
2018-05-30,UK,London,Clydesdale Bank,GBP,Bank,Mortgages,Mortgages,2 Year Discounted Standard Variable Rate - Fee Offer (SVR Minus 2.41%)  (C),,Offline,30,Variable,2.54%,4.6%,216000,25%,New Purchase,Primary Residence,Principal + Interest,2,
2018-05-30,UK,London,Clydesdale Bank,GBP,Bank,Mortgages,Mortgages,2 Year Fixed Rate (C),,Offline,30,Variable,1.79%,4.5%,216000,25%,New Purchase,Primary Residence,Principal + Interest,2,
2018-05-30,UK,London,Clydesdale Bank,GBP,Bank,Mortgages,Mortgages,2 Year Fixed Rate - Fee Offer (C),,Offline,30,Variable,2.54%,4.6%,216000,25%,New Purchase,Primary Residence,Principal + Interest,2,
2018-05-30,UK,London,Clydesdale Bank,GBP,Bank,Mortgages,Mortgages,5 Year Fixed Rate (C),,Offline,30,Variable,2.59%,4.2%,216000,25%,New Purchase,Primary Residence,Principal + Interest,5,
2018-05-30,UK,London,Clydesdale Bank,GBP,Bank,Mortgages,Mortgages,5 Year Fixed Rate - Fee Offer (C),,Offline,30,Variable,2.94%,4.2%,216000,25%,New Purchase,Primary Residence,Principal + Interest,5,
2018-05-30,UK,London,Clydesdale Bank,GBP,Bank,Mortgages,Mortgages,Offset 2 Year Discount (OVR Minus 2.21%) (C),,Offline,30,Variable,2.74%,4.7%,216000,25%,New Purchase,Primary Residence,Principal + Interest,,
2018-05-30,UK,London,Clydesdale Bank,GBP,Bank,Mortgages,Mortgages,2 Year Discounted Standard Variable Rate (SVR Minus 2.91%) (C),,Offline,30,Variable,2.04%,4.6%,360000,25%,New Purchase,Primary Residence,Principal + Interest,2,
2018-05-30,UK,London,Clydesdale Bank,GBP,Bank,Mortgages,Mortgages,2 Year Discounted Standard Variable Rate - Fee Offer (SVR Minus 2.41%)  (C),,Offline,30,Variable,2.54%,4.6%,360000,25%,New Purchase,Primary Residence,Principal + Interest,2,
2018-05-30,UK,London,Clydesdale Bank,GBP,Bank,Mortgages,Mortgages,2 Year Fixed Rate (C),,Offline,30,Variable,1.79%,4.5%,360000,25%,New Purchase,Primary Residence,Principal + Interest,2,
2018-05-30,UK,London,Clydesdale Bank,GBP,Bank,Mortgages,Mortgages,2 Year Fixed Rate - Fee Offer (C),,Offline,30,Variable,2.54%,4.6%,360000,25%,New Purchase,Primary Residence,Principal + Interest,2,
2018-05-30,UK,London,Clydesdale Bank,GBP,Bank,Mortgages,Mortgages,5 Year Fixed Rate (C),,Offline,30,Variable,2.59%,4.2%,360000,25%,New Purchase,Primary Residence,Principal + Interest,5,
2018-05-30,UK,London,Clydesdale Bank,GBP,Bank,Mortgages,Mortgages,5 Year Fixed Rate - Fee Offer (C),,Offline,30,Variable,2.94%,4.2%,360000,25%,New Purchase,Primary Residence,Principal + Interest,5,
2018-05-30,UK,London,Clydesdale Bank,GBP,Bank,Mortgages,Mortgages,Offset 2 Year Discount (OVR Minus 2.21%) (C),,Offline,30,Variable,2.74%,4.7%,360000,25%,New Purchase,Primary Residence,Principal + Interest,,
2018-05-30,UK,London,Clydesdale Bank,GBP,Bank,Mortgages,Mortgages,2 Year Discounted Standard Variable Rate (SVR Minus 2.91%) (C),,Offline,25,Variable,2.04%,4.6%,72000,25%,New Purchase,Primary Residence,Principal + Interest,2,
2018-05-30,UK,London,Clydesdale Bank,GBP,Bank,Mortgages,Mortgages,2 Year Discounted Standard Variable Rate - Fee Offer (SVR Minus 2.41%)  (C),,Offline,25,Variable,2.54%,4.6%,72000,25%,New Purchase,Primary Residence,Principal + Interest,2,
2018-05-30,UK,London,Clydesdale Bank,GBP,Bank,Mortgages,Mortgages,2 Year Fixed Rate (C),,Offline,25,Variable,1.79%,4.5%,72000,25%,New Purchase,Primary Residence,Principal + Interest,2,
2018-05-30,UK,London,Clydesdale Bank,GBP,Bank,Mortgages,Mortgages,2 Year Fixed Rate - Fee Offer (C),,Offline,25,Variable,2.54%,4.6%,72000,25%,New Purchase,Primary Residence,Principal + Interest,2,
2018-05-30,UK,London,Clydesdale Bank,GBP,Bank,Mortgages,Mortgages,5 Year Fixed Rate (C),,Offline,25,Variable,2.59%,4.2%,72000,25%,New Purchase,Primary Residence,Principal + Interest,5,
2018-05-30,UK,London,Clydesdale Bank,GBP,Bank,Mortgages,Mortgages,5 Year Fixed Rate - Fee Offer (C),,Offline,25,Variable,2.94%,4.2%,72000,25%,New Purchase,Primary Residence,Principal + Interest,5,
2018-05-30,UK,London,Clydesdale Bank,GBP,Bank,Mortgages,Mortgages,Offset 2 Year Discount (OVR Minus 2.21%) (C),,Offline,25,Variable,2.74%,4.7%,72000,25%,New Purchase,Primary Residence,Principal + Interest,,
2018-05-30,UK,London,Clydesdale Bank,GBP,Bank,Mortgages,Mortgages,2 Year Discounted Standard Variable Rate (SVR Minus 2.91%) (C),,Offline,25,Variable,2.04%,4.6%,216000,25%,New Purchase,Primary Residence,Principal + Interest,2,
2018-05-30,UK,London,Clydesdale Bank,GBP,Bank,Mortgages,Mortgages,2 Year Discounted Standard Variable Rate - Fee Offer (SVR Minus 2.41%)  (C),,Offline,25,Variable,2.54%,4.6%,216000,25%,New Purchase,Primary Residence,Principal + Interest,2,
2018-05-30,UK,London,Clydesdale Bank,GBP,Bank,Mortgages,Mortgages,2 Year Fixed Rate (C),,Offline,25,Variable,1.79%,4.5%,216000,25%,New Purchase,Primary Residence,Principal + Interest,2,
2018-05-30,UK,London,Clydesdale Bank,GBP,Bank,Mortgages,Mortgages,2 Year Fixed Rate - Fee Offer (C),,Offline,25,Variable,2.54%,4.6%,216000,25%,New Purchase,Primary Residence,Principal + Interest,2,
2018-05-30,UK,London,Clydesdale Bank,GBP,Bank,Mortgages,Mortgages,5 Year Fixed Rate (C),,Offline,25,Variable,2.59%,4.2%,216000,25%,New Purchase,Primary Residence,Principal + Interest,5,
2018-05-30,UK,London,Clydesdale Bank,GBP,Bank,Mortgages,Mortgages,5 Year Fixed Rate - Fee Offer (C),,Offline,25,Variable,2.94%,4.2%,216000,25%,New Purchase,Primary Residence,Principal + Interest,5,
2018-05-30,UK,London,Clydesdale Bank,GBP,Bank,Mortgages,Mortgages,Offset 2 Year Discount (OVR Minus 2.21%) (C),,Offline,25,Variable,2.74%,4.7%,216000,25%,New Purchase,Primary Residence,Principal + Interest,,
2018-05-30,UK,London,Clydesdale Bank,GBP,Bank,Mortgages,Mortgages,2 Year Discounted Standard Variable Rate (SVR Minus 2.91%) (C),,Offline,25,Variable,2.04%,4.6%,360000,25%,New Purchase,Primary Residence,Principal + Interest,2,
2018-05-30,UK,London,Clydesdale Bank,GBP,Bank,Mortgages,Mortgages,2 Year Discounted Standard Variable Rate - Fee Offer (SVR Minus 2.41%)  (C),,Offline,25,Variable,2.54%,4.6%,360000,25%,New Purchase,Primary Residence,Principal + Interest,2,
2018-05-30,UK,London,Clydesdale Bank,GBP,Bank,Mortgages,Mortgages,2 Year Fixed Rate (C),,Offline,25,Variable,1.79%,4.5%,360000,25%,New Purchase,Primary Residence,Principal + Interest,2,
2018-05-30,UK,London,Clydesdale Bank,GBP,Bank,Mortgages,Mortgages,2 Year Fixed Rate - Fee Offer (C),,Offline,25,Variable,2.54%,4.6%,360000,25%,New Purchase,Primary Residence,Principal + Interest,2,
2018-05-30,UK,London,Clydesdale Bank,GBP,Bank,Mortgages,Mortgages,5 Year Fixed Rate (C),,Offline,25,Variable,2.59%,4.2%,360000,25%,New Purchase,Primary Residence,Principal + Interest,5,
2018-05-30,UK,London,Clydesdale Bank,GBP,Bank,Mortgages,Mortgages,5 Year Fixed Rate - Fee Offer (C),,Offline,25,Variable,2.94%,4.2%,360000,25%,New Purchase,Primary Residence,Principal + Interest,5,
2018-05-30,UK,London,Clydesdale Bank,GBP,Bank,Mortgages,Mortgages,Offset 2 Year Discount (OVR Minus 2.21%) (C),,Offline,25,Variable,2.74%,4.7%,360000,25%,New Purchase,Primary Residence,Principal + Interest,,
2018-05-30,UK,London,Clydesdale Bank,GBP,Bank,Mortgages,Mortgages,2 Year Discounted Standard Variable Rate (SVR Minus 2.91%) (C),,Offline,15,Variable,2.04%,4.6%,72000,25%,New Purchase,Primary Residence,Principal + Interest,2,
2018-05-30,UK,London,Clydesdale Bank,GBP,Bank,Mortgages,Mortgages,2 Year Discounted Standard Variable Rate - Fee Offer (SVR Minus 2.41%)  (C),,Offline,15,Variable,2.54%,4.6%,72000,25%,New Purchase,Primary Residence,Principal + Interest,2,
2018-05-30,UK,London,Clydesdale Bank,GBP,Bank,Mortgages,Mortgages,2 Year Fixed Rate (C),,Offline,15,Variable,1.79%,4.5%,72000,25%,New Purchase,Primary Residence,Principal + Interest,2,
2018-05-30,UK,London,Clydesdale Bank,GBP,Bank,Mortgages,Mortgages,2 Year Fixed Rate - Fee Offer (C),,Offline,15,Variable,2.54%,4.6%,72000,25%,New Purchase,Primary Residence,Principal + Interest,2,
2018-05-30,UK,London,Clydesdale Bank,GBP,Bank,Mortgages,Mortgages,5 Year Fixed Rate (C),,Offline,15,Variable,2.59%,4.2%,72000,25%,New Purchase,Primary Residence,Principal + Interest,5,
2018-05-30,UK,London,Clydesdale Bank,GBP,Bank,Mortgages,Mortgages,5 Year Fixed Rate - Fee Offer (C),,Offline,15,Variable,2.94%,4.2%,72000,25%,New Purchase,Primary Residence,Principal + Interest,5,
2018-05-30,UK,London,Clydesdale Bank,GBP,Bank,Mortgages,Mortgages,Offset 2 Year Discount (OVR Minus 2.21%) (C),,Offline,15,Variable,2.74%,4.7%,72000,25%,New Purchase,Primary Residence,Principal + Interest,,
2018-05-30,UK,London,Clydesdale Bank,GBP,Bank,Mortgages,Mortgages,2 Year Discounted Standard Variable Rate (SVR Minus 2.91%) (C),,Offline,15,Variable,2.04%,4.6%,216000,25%,New Purchase,Primary Residence,Principal + Interest,2,
2018-05-30,UK,London,Clydesdale Bank,GBP,Bank,Mortgages,Mortgages,2 Year Discounted Standard Variable Rate - Fee Offer (SVR Minus 2.41%)  (C),,Offline,15,Variable,2.54%,4.6%,216000,25%,New Purchase,Primary Residence,Principal + Interest,2,
2018-05-30,UK,London,Clydesdale Bank,GBP,Bank,Mortgages,Mortgages,2 Year Fixed Rate (C),,Offline,15,Variable,1.79%,4.5%,216000,25%,New Purchase,Primary Residence,Principal + Interest,2,
2018-05-30,UK,London,Clydesdale Bank,GBP,Bank,Mortgages,Mortgages,2 Year Fixed Rate - Fee Offer (C),,Offline,15,Variable,2.54%,4.6%,216000,25%,New Purchase,Primary Residence,Principal + Interest,2,
2018-05-30,UK,London,Clydesdale Bank,GBP,Bank,Mortgages,Mortgages,5 Year Fixed Rate (C),,Offline,15,Variable,2.59%,4.2%,216000,25%,New Purchase,Primary Residence,Principal + Interest,5,
2018-05-30,UK,London,Clydesdale Bank,GBP,Bank,Mortgages,Mortgages,5 Year Fixed Rate - Fee Offer (C),,Offline,15,Variable,2.94%,4.2%,216000,25%,New Purchase,Primary Residence,Principal + Interest,5,
2018-05-30,UK,London,Clydesdale Bank,GBP,Bank,Mortgages,Mortgages,Offset 2 Year Discount (OVR Minus 2.21%) (C),,Offline,15,Variable,2.74%,4.7%,216000,25%,New Purchase,Primary Residence,Principal + Interest,,
2018-05-30,UK,London,Clydesdale Bank,GBP,Bank,Mortgages,Mortgages,2 Year Discounted Standard Variable Rate (SVR Minus 2.91%) (C),,Offline,15,Variable,2.04%,4.6%,360000,25%,New Purchase,Primary Residence,Principal + Interest,2,
2018-05-30,UK,London,Clydesdale Bank,GBP,Bank,Mortgages,Mortgages,2 Year Discounted Standard Variable Rate - Fee Offer (SVR Minus 2.41%)  (C),,Offline,15,Variable,2.54%,4.6%,360000,25%,New Purchase,Primary Residence,Principal + Interest,2,
2018-05-30,UK,London,Clydesdale Bank,GBP,Bank,Mortgages,Mortgages,2 Year Fixed Rate (C),,Offline,15,Variable,1.79%,4.5%,360000,25%,New Purchase,Primary Residence,Principal + Interest,2,
2018-05-30,UK,London,Clydesdale Bank,GBP,Bank,Mortgages,Mortgages,2 Year Fixed Rate - Fee Offer (C),,Offline,15,Variable,2.54%,4.6%,360000,25%,New Purchase,Primary Residence,Principal + Interest,2,
2018-05-30,UK,London,Clydesdale Bank,GBP,Bank,Mortgages,Mortgages,5 Year Fixed Rate (C),,Offline,15,Variable,2.59%,4.2%,360000,25%,New Purchase,Primary Residence,Principal + Interest,5,
2018-05-30,UK,London,Clydesdale Bank,GBP,Bank,Mortgages,Mortgages,5 Year Fixed Rate - Fee Offer (C),,Offline,15,Variable,2.94%,4.2%,360000,25%,New Purchase,Primary Residence,Principal + Interest,5,
2018-05-30,UK,London,Clydesdale Bank,GBP,Bank,Mortgages,Mortgages,Offset 2 Year Discount (OVR Minus 2.21%) (C),,Offline,15,Variable,2.74%,4.7%,360000,25%,New Purchase,Primary Residence,Principal + Interest,,
2018-05-30,UK,London,Clydesdale Bank,GBP,Bank,Mortgages,Mortgages,2 Year Discounted Standard Variable Rate (SVR Minus 2.91%) (C),,Offline,15,Variable,2.04%,4.6%,72000,25%,New Purchase,Primary Residence,Principal + Interest,2,
2018-05-30,UK,London,Clydesdale Bank,GBP,Bank,Mortgages,Mortgages,2 Year Discounted Standard Variable Rate - Fee Offer (SVR Minus 2.41%)  (C),,Offline,15,Variable,2.54%,4.6%,72000,25%,New Purchase,Primary Residence,Principal + Interest,2,
2018-05-30,UK,London,Clydesdale Bank,GBP,Bank,Mortgages,Mortgages,2 Year Fixed Rate (C),,Offline,15,Variable,1.79%,4.5%,72000,25%,New Purchase,Primary Residence,Principal + Interest,2,
2018-05-30,UK,London,Clydesdale Bank,GBP,Bank,Mortgages,Mortgages,2 Year Fixed Rate - Fee Offer (C),,Offline,15,Variable,2.54%,4.6%,72000,25%,New Purchase,Primary Residence,Principal + Interest,2,
2018-05-30,UK,London,Clydesdale Bank,GBP,Bank,Mortgages,Mortgages,5 Year Fixed Rate (C),,Offline,15,Variable,2.59%,4.2%,72000,25%,New Purchase,Primary Residence,Principal + Interest,5,
2018-05-30,UK,London,Clydesdale Bank,GBP,Bank,Mortgages,Mortgages,5 Year Fixed Rate - Fee Offer (C),,Offline,15,Variable,2.94%,4.2%,72000,25%,New Purchase,Primary Residence,Principal + Interest,5,
2018-05-30,UK,London,Clydesdale Bank,GBP,Bank,Mortgages,Mortgages,Offset 2 Year Discount (OVR Minus 2.21%) (C),,Offline,15,Variable,2.74%,4.7%,72000,25%,New Purchase,Primary Residence,Principal + Interest,,
2018-05-30,UK,London,Clydesdale Bank,GBP,Bank,Mortgages,Mortgages,2 Year Discounted Standard Variable Rate (SVR Minus 2.91%) (C),,Offline,15,Variable,2.04%,4.6%,216000,25%,New Purchase,Primary Residence,Principal + Interest,2,
2018-05-30,UK,London,Clydesdale Bank,GBP,Bank,Mortgages,Mortgages,2 Year Discounted Standard Variable Rate - Fee Offer (SVR Minus 2.41%)  (C),,Offline,15,Variable,2.54%,4.6%,216000,25%,New Purchase,Primary Residence,Principal + Interest,2,
2018-05-30,UK,London,Clydesdale Bank,GBP,Bank,Mortgages,Mortgages,2 Year Fixed Rate (C),,Offline,15,Variable,1.79%,4.5%,216000,25%,New Purchase,Primary Residence,Principal + Interest,2,
2018-05-30,UK,London,Clydesdale Bank,GBP,Bank,Mortgages,Mortgages,2 Year Fixed Rate - Fee Offer (C),,Offline,15,Variable,2.54%,4.6%,216000,25%,New Purchase,Primary Residence,Principal + Interest,2,
2018-05-30,UK,London,Clydesdale Bank,GBP,Bank,Mortgages,Mortgages,5 Year Fixed Rate (C),,Offline,15,Variable,2.59%,4.2%,216000,25%,New Purchase,Primary Residence,Principal + Interest,5,
2018-05-30,UK,London,Clydesdale Bank,GBP,Bank,Mortgages,Mortgages,5 Year Fixed Rate - Fee Offer (C),,Offline,15,Variable,2.94%,4.2%,216000,25%,New Purchase,Primary Residence,Principal + Interest,5,
2018-05-30,UK,London,Clydesdale Bank,GBP,Bank,Mortgages,Mortgages,Offset 2 Year Discount (OVR Minus 2.21%) (C),,Offline,15,Variable,2.74%,4.7%,216000,25%,New Purchase,Primary Residence,Principal + Interest,,
2018-05-30,UK,London,Clydesdale Bank,GBP,Bank,Mortgages,Mortgages,2 Year Discounted Standard Variable Rate (SVR Minus 2.91%) (C),,Offline,15,Variable,2.04%,4.6%,360000,25%,New Purchase,Primary Residence,Principal + Interest,2,
2018-05-30,UK,London,Clydesdale Bank,GBP,Bank,Mortgages,Mortgages,2 Year Discounted Standard Variable Rate - Fee Offer (SVR Minus 2.41%)  (C),,Offline,15,Variable,2.54%,4.6%,360000,25%,New Purchase,Primary Residence,Principal + Interest,2,
2018-05-30,UK,London,Clydesdale Bank,GBP,Bank,Mortgages,Mortgages,2 Year Fixed Rate (C),,Offline,15,Variable,1.79%,4.5%,360000,25%,New Purchase,Primary Residence,Principal + Interest,2,
2018-05-30,UK,London,Clydesdale Bank,GBP,Bank,Mortgages,Mortgages,2 Year Fixed Rate - Fee Offer (C),,Offline,15,Variable,2.54%,4.6%,360000,25%,New Purchase,Primary Residence,Principal + Interest,2,
2018-05-30,UK,London,Clydesdale Bank,GBP,Bank,Mortgages,Mortgages,5 Year Fixed Rate (C),,Offline,15,Variable,2.59%,4.2%,360000,25%,New Purchase,Primary Residence,Principal + Interest,5,
2018-05-30,UK,London,Clydesdale Bank,GBP,Bank,Mortgages,Mortgages,5 Year Fixed Rate - Fee Offer (C),,Offline,15,Variable,2.94%,4.2%,360000,25%,New Purchase,Primary Residence,Principal + Interest,5,
2018-05-30,UK,London,Clydesdale Bank,GBP,Bank,Mortgages,Mortgages,Offset 2 Year Discount (OVR Minus 2.21%) (C),,Offline,15,Variable,2.74%,4.7%,360000,25%,New Purchase,Primary Residence,Principal + Interest,,
2018-05-30,UK,London,Clydesdale Bank,GBP,Bank,Mortgages,Mortgages,2 Year Discounted Standard Variable Rate (SVR Minus 2.91%) (C),,Offline,10,Variable,2.04%,4.6%,72000,25%,New Purchase,Primary Residence,Principal + Interest,2,
2018-05-30,UK,London,Clydesdale Bank,GBP,Bank,Mortgages,Mortgages,2 Year Discounted Standard Variable Rate - Fee Offer (SVR Minus 2.41%)  (C),,Offline,10,Variable,2.54%,4.6%,72000,25%,New Purchase,Primary Residence,Principal + Interest,2,
2018-05-30,UK,London,Clydesdale Bank,GBP,Bank,Mortgages,Mortgages,2 Year Fixed Rate (C),,Offline,10,Variable,1.79%,4.5%,72000,25%,New Purchase,Primary Residence,Principal + Interest,2,
2018-05-30,UK,London,Clydesdale Bank,GBP,Bank,Mortgages,Mortgages,2 Year Fixed Rate - Fee Offer (C),,Offline,10,Variable,2.54%,4.6%,72000,25%,New Purchase,Primary Residence,Principal + Interest,2,
2018-05-30,UK,London,Clydesdale Bank,GBP,Bank,Mortgages,Mortgages,5 Year Fixed Rate (C),,Offline,10,Variable,2.59%,4.2%,72000,25%,New Purchase,Primary Residence,Principal + Interest,5,
2018-05-30,UK,London,Clydesdale Bank,GBP,Bank,Mortgages,Mortgages,5 Year Fixed Rate - Fee Offer (C),,Offline,10,Variable,2.94%,4.2%,72000,25%,New Purchase,Primary Residence,Principal + Interest,5,
2018-05-30,UK,London,Clydesdale Bank,GBP,Bank,Mortgages,Mortgages,Offset 2 Year Discount (OVR Minus 2.21%) (C),,Offline,10,Variable,2.74%,4.7%,72000,25%,New Purchase,Primary Residence,Principal + Interest,,
2018-05-30,UK,London,Clydesdale Bank,GBP,Bank,Mortgages,Mortgages,2 Year Discounted Standard Variable Rate (SVR Minus 2.91%) (C),,Offline,10,Variable,2.04%,4.6%,216000,25%,New Purchase,Primary Residence,Principal + Interest,2,
2018-05-30,UK,London,Clydesdale Bank,GBP,Bank,Mortgages,Mortgages,2 Year Discounted Standard Variable Rate - Fee Offer (SVR Minus 2.41%)  (C),,Offline,10,Variable,2.54%,4.6%,216000,25%,New Purchase,Primary Residence,Principal + Interest,2,
2018-05-30,UK,London,Clydesdale Bank,GBP,Bank,Mortgages,Mortgages,2 Year Fixed Rate (C),,Offline,10,Variable,1.79%,4.5%,216000,25%,New Purchase,Primary Residence,Principal + Interest,2,
2018-05-30,UK,London,Clydesdale Bank,GBP,Bank,Mortgages,Mortgages,2 Year Fixed Rate - Fee Offer (C),,Offline,10,Variable,2.54%,4.6%,216000,25%,New Purchase,Primary Residence,Principal + Interest,2,
2018-05-30,UK,London,Clydesdale Bank,GBP,Bank,Mortgages,Mortgages,5 Year Fixed Rate (C),,Offline,10,Variable,2.59%,4.2%,216000,25%,New Purchase,Primary Residence,Principal + Interest,5,
2018-05-30,UK,London,Clydesdale Bank,GBP,Bank,Mortgages,Mortgages,5 Year Fixed Rate - Fee Offer (C),,Offline,10,Variable,2.94%,4.2%,216000,25%,New Purchase,Primary Residence,Principal + Interest,5,
2018-05-30,UK,London,Clydesdale Bank,GBP,Bank,Mortgages,Mortgages,Offset 2 Year Discount (OVR Minus 2.21%) (C),,Offline,10,Variable,2.74%,4.7%,216000,25%,New Purchase,Primary Residence,Principal + Interest,,
2018-05-30,UK,London,Clydesdale Bank,GBP,Bank,Mortgages,Mortgages,2 Year Discounted Standard Variable Rate (SVR Minus 2.91%) (C),,Offline,10,Variable,2.04%,4.6%,360000,25%,New Purchase,Primary Residence,Principal + Interest,2,
2018-05-30,UK,London,Clydesdale Bank,GBP,Bank,Mortgages,Mortgages,2 Year Discounted Standard Variable Rate - Fee Offer (SVR Minus 2.41%)  (C),,Offline,10,Variable,2.54%,4.6%,360000,25%,New Purchase,Primary Residence,Principal + Interest,2,
2018-05-30,UK,London,Clydesdale Bank,GBP,Bank,Mortgages,Mortgages,2 Year Fixed Rate (C),,Offline,10,Variable,1.79%,4.5%,360000,25%,New Purchase,Primary Residence,Principal + Interest,2,
2018-05-30,UK,London,Clydesdale Bank,GBP,Bank,Mortgages,Mortgages,2 Year Fixed Rate - Fee Offer (C),,Offline,10,Variable,2.54%,4.6%,360000,25%,New Purchase,Primary Residence,Principal + Interest,2,
2018-05-30,UK,London,Clydesdale Bank,GBP,Bank,Mortgages,Mortgages,5 Year Fixed Rate (C),,Offline,10,Variable,2.59%,4.2%,360000,25%,New Purchase,Primary Residence,Principal + Interest,5,
2018-05-30,UK,London,Clydesdale Bank,GBP,Bank,Mortgages,Mortgages,5 Year Fixed Rate - Fee Offer (C),,Offline,10,Variable,2.94%,4.2%,360000,25%,New Purchase,Primary Residence,Principal + Interest,5,
2018-05-30,UK,London,Clydesdale Bank,GBP,Bank,Mortgages,Mortgages,Offset 2 Year Discount (OVR Minus 2.21%) (C),,Offline,10,Variable,2.74%,4.7%,360000,25%,New Purchase,Primary Residence,Principal + Interest,,
2018-05-30,UK,London,Clydesdale Bank,GBP,Bank,Mortgages,Mortgages,2 Year Discounted Standard Variable Rate (SVR Minus 2.91%) (C),,Offline,10,Variable,2.04%,4.6%,72000,25%,New Purchase,Primary Residence,Principal + Interest,2,
2018-05-30,UK,London,Clydesdale Bank,GBP,Bank,Mortgages,Mortgages,2 Year Discounted Standard Variable Rate - Fee Offer (SVR Minus 2.41%)  (C),,Offline,10,Variable,2.54%,4.6%,72000,25%,New Purchase,Primary Residence,Principal + Interest,2,
2018-05-30,UK,London,Clydesdale Bank,GBP,Bank,Mortgages,Mortgages,2 Year Fixed Rate (C),,Offline,10,Variable,1.79%,4.5%,72000,25%,New Purchase,Primary Residence,Principal + Interest,2,
2018-05-30,UK,London,Clydesdale Bank,GBP,Bank,Mortgages,Mortgages,2 Year Fixed Rate - Fee Offer (C),,Offline,10,Variable,2.54%,4.6%,72000,25%,New Purchase,Primary Residence,Principal + Interest,2,
2018-05-30,UK,London,Clydesdale Bank,GBP,Bank,Mortgages,Mortgages,5 Year Fixed Rate (C),,Offline,10,Variable,2.59%,4.2%,72000,25%,New Purchase,Primary Residence,Principal + Interest,5,
2018-05-30,UK,London,Clydesdale Bank,GBP,Bank,Mortgages,Mortgages,5 Year Fixed Rate - Fee Offer (C),,Offline,10,Variable,2.94%,4.2%,72000,25%,New Purchase,Primary Residence,Principal + Interest,5,
2018-05-30,UK,London,Clydesdale Bank,GBP,Bank,Mortgages,Mortgages,Offset 2 Year Discount (OVR Minus 2.21%) (C),,Offline,10,Variable,2.74%,4.7%,72000,25%,New Purchase,Primary Residence,Principal + Interest,,
2018-05-30,UK,London,Clydesdale Bank,GBP,Bank,Mortgages,Mortgages,2 Year Discounted Standard Variable Rate (SVR Minus 2.91%) (C),,Offline,10,Variable,2.04%,4.6%,216000,25%,New Purchase,Primary Residence,Principal + Interest,2,
2018-05-30,UK,London,Clydesdale Bank,GBP,Bank,Mortgages,Mortgages,2 Year Discounted Standard Variable Rate - Fee Offer (SVR Minus 2.41%)  (C),,Offline,10,Variable,2.54%,4.6%,216000,25%,New Purchase,Primary Residence,Principal + Interest,2,
2018-05-30,UK,London,Clydesdale Bank,GBP,Bank,Mortgages,Mortgages,2 Year Fixed Rate (C),,Offline,10,Variable,1.79%,4.5%,216000,25%,New Purchase,Primary Residence,Principal + Interest,2,
2018-05-30,UK,London,Clydesdale Bank,GBP,Bank,Mortgages,Mortgages,2 Year Fixed Rate - Fee Offer (C),,Offline,10,Variable,2.54%,4.6%,216000,25%,New Purchase,Primary Residence,Principal + Interest,2,
2018-05-30,UK,London,Clydesdale Bank,GBP,Bank,Mortgages,Mortgages,5 Year Fixed Rate (C),,Offline,10,Variable,2.59%,4.2%,216000,25%,New Purchase,Primary Residence,Principal + Interest,5,
2018-05-30,UK,London,Clydesdale Bank,GBP,Bank,Mortgages,Mortgages,5 Year Fixed Rate - Fee Offer (C),,Offline,10,Variable,2.94%,4.2%,216000,25%,New Purchase,Primary Residence,Principal + Interest,5,
2018-05-30,UK,London,Clydesdale Bank,GBP,Bank,Mortgages,Mortgages,Offset 2 Year Discount (OVR Minus 2.21%) (C),,Offline,10,Variable,2.74%,4.7%,216000,25%,New Purchase,Primary Residence,Principal + Interest,,
2018-05-30,UK,London,Clydesdale Bank,GBP,Bank,Mortgages,Mortgages,2 Year Discounted Standard Variable Rate (SVR Minus 2.91%) (C),,Offline,10,Variable,2.04%,4.6%,360000,25%,New Purchase,Primary Residence,Principal + Interest,2,
2018-05-30,UK,London,Clydesdale Bank,GBP,Bank,Mortgages,Mortgages,2 Year Discounted Standard Variable Rate - Fee Offer (SVR Minus 2.41%)  (C),,Offline,10,Variable,2.54%,4.6%,360000,25%,New Purchase,Primary Residence,Principal + Interest,2,
2018-05-30,UK,London,Clydesdale Bank,GBP,Bank,Mortgages,Mortgages,2 Year Fixed Rate (C),,Offline,10,Variable,1.79%,4.5%,360000,25%,New Purchase,Primary Residence,Principal + Interest,2,
2018-05-30,UK,London,Clydesdale Bank,GBP,Bank,Mortgages,Mortgages,2 Year Fixed Rate - Fee Offer (C),,Offline,10,Variable,2.54%,4.6%,360000,25%,New Purchase,Primary Residence,Principal + Interest,2,
2018-05-30,UK,London,Clydesdale Bank,GBP,Bank,Mortgages,Mortgages,5 Year Fixed Rate (C),,Offline,10,Variable,2.59%,4.2%,360000,25%,New Purchase,Primary Residence,Principal + Interest,5,
2018-05-30,UK,London,Clydesdale Bank,GBP,Bank,Mortgages,Mortgages,5 Year Fixed Rate - Fee Offer (C),,Offline,10,Variable,2.94%,4.2%,360000,25%,New Purchase,Primary Residence,Principal + Interest,5,
2018-05-30,UK,London,Clydesdale Bank,GBP,Bank,Mortgages,Mortgages,Offset 2 Year Discount (OVR Minus 2.21%) (C),,Offline,10,Variable,2.74%,4.7%,360000,25%,New Purchase,Primary Residence,Principal + Interest,,
2018-05-30,UK,London,Clydesdale Bank,GBP,Bank,Mortgages,Mortgages,2 Year Discounted Standard Variable Rate (SVR Minus 2.91%) (C),,Offline,10,Variable,2.04%,4.6%,72000,25%,New Purchase,Primary Residence,Principal + Interest,2,
2018-05-30,UK,London,Clydesdale Bank,GBP,Bank,Mortgages,Mortgages,2 Year Discounted Standard Variable Rate - Fee Offer (SVR Minus 2.41%)  (C),,Offline,10,Variable,2.54%,4.6%,72000,25%,New Purchase,Primary Residence,Principal + Interest,2,
2018-05-30,UK,London,Clydesdale Bank,GBP,Bank,Mortgages,Mortgages,2 Year Fixed Rate (C),,Offline,10,Variable,1.79%,4.5%,72000,25%,New Purchase,Primary Residence,Principal + Interest,2,
2018-05-30,UK,London,Clydesdale Bank,GBP,Bank,Mortgages,Mortgages,2 Year Fixed Rate - Fee Offer (C),,Offline,10,Variable,2.54%,4.6%,72000,25%,New Purchase,Primary Residence,Principal + Interest,2,
2018-05-30,UK,London,Clydesdale Bank,GBP,Bank,Mortgages,Mortgages,5 Year Fixed Rate (C),,Offline,10,Variable,2.59%,4.2%,72000,25%,New Purchase,Primary Residence,Principal + Interest,5,
2018-05-30,UK,London,Clydesdale Bank,GBP,Bank,Mortgages,Mortgages,5 Year Fixed Rate - Fee Offer (C),,Offline,10,Variable,2.94%,4.2%,72000,25%,New Purchase,Primary Residence,Principal + Interest,5,
2018-05-30,UK,London,Clydesdale Bank,GBP,Bank,Mortgages,Mortgages,Offset 2 Year Discount (OVR Minus 2.21%) (C),,Offline,10,Variable,2.74%,4.7%,72000,25%,New Purchase,Primary Residence,Principal + Interest,,
2018-05-30,UK,London,Clydesdale Bank,GBP,Bank,Mortgages,Mortgages,2 Year Discounted Standard Variable Rate (SVR Minus 2.91%) (C),,Offline,10,Variable,2.04%,4.6%,216000,25%,New Purchase,Primary Residence,Principal + Interest,2,
2018-05-30,UK,London,Clydesdale Bank,GBP,Bank,Mortgages,Mortgages,2 Year Discounted Standard Variable Rate - Fee Offer (SVR Minus 2.41%)  (C),,Offline,10,Variable,2.54%,4.6%,216000,25%,New Purchase,Primary Residence,Principal + Interest,2,
2018-05-30,UK,London,Clydesdale Bank,GBP,Bank,Mortgages,Mortgages,2 Year Fixed Rate (C),,Offline,10,Variable,1.79%,4.5%,216000,25%,New Purchase,Primary Residence,Principal + Interest,2,
2018-05-30,UK,London,Clydesdale Bank,GBP,Bank,Mortgages,Mortgages,2 Year Fixed Rate - Fee Offer (C),,Offline,10,Variable,2.54%,4.6%,216000,25%,New Purchase,Primary Residence,Principal + Interest,2,
2018-05-30,UK,London,Clydesdale Bank,GBP,Bank,Mortgages,Mortgages,5 Year Fixed Rate (C),,Offline,10,Variable,2.59%,4.2%,216000,25%,New Purchase,Primary Residence,Principal + Interest,5,
2018-05-30,UK,London,Clydesdale Bank,GBP,Bank,Mortgages,Mortgages,5 Year Fixed Rate - Fee Offer (C),,Offline,10,Variable,2.94%,4.2%,216000,25%,New Purchase,Primary Residence,Principal + Interest,5,
2018-05-30,UK,London,Clydesdale Bank,GBP,Bank,Mortgages,Mortgages,Offset 2 Year Discount (OVR Minus 2.21%) (C),,Offline,10,Variable,2.74%,4.7%,216000,25%,New Purchase,Primary Residence,Principal + Interest,,
2018-05-30,UK,London,Clydesdale Bank,GBP,Bank,Mortgages,Mortgages,2 Year Discounted Standard Variable Rate (SVR Minus 2.91%) (C),,Offline,10,Variable,2.04%,4.6%,360000,25%,New Purchase,Primary Residence,Principal + Interest,2,
2018-05-30,UK,London,Clydesdale Bank,GBP,Bank,Mortgages,Mortgages,2 Year Discounted Standard Variable Rate - Fee Offer (SVR Minus 2.41%)  (C),,Offline,10,Variable,2.54%,4.6%,360000,25%,New Purchase,Primary Residence,Principal + Interest,2,
2018-05-30,UK,London,Clydesdale Bank,GBP,Bank,Mortgages,Mortgages,2 Year Fixed Rate (C),,Offline,10,Variable,1.79%,4.5%,360000,25%,New Purchase,Primary Residence,Principal + Interest,2,
2018-05-30,UK,London,Clydesdale Bank,GBP,Bank,Mortgages,Mortgages,2 Year Fixed Rate - Fee Offer (C),,Offline,10,Variable,2.54%,4.6%,360000,25%,New Purchase,Primary Residence,Principal + Interest,2,
2018-05-30,UK,London,Clydesdale Bank,GBP,Bank,Mortgages,Mortgages,5 Year Fixed Rate (C),,Offline,10,Variable,2.59%,4.2%,360000,25%,New Purchase,Primary Residence,Principal + Interest,5,
2018-05-30,UK,London,Clydesdale Bank,GBP,Bank,Mortgages,Mortgages,5 Year Fixed Rate - Fee Offer (C),,Offline,10,Variable,2.94%,4.2%,360000,25%,New Purchase,Primary Residence,Principal + Interest,5,
2018-05-30,UK,London,Clydesdale Bank,GBP,Bank,Mortgages,Mortgages,Offset 2 Year Discount (OVR Minus 2.21%) (C),,Offline,10,Variable,2.74%,4.7%,360000,25%,New Purchase,Primary Residence,Principal + Interest,,
2018-05-30,UK,London,Clydesdale Bank,GBP,Bank,Mortgages,Mortgages,2 Year Discounted Standard Variable Rate (SVR Minus 2.91%) (C),,Offline,10,Variable,2.04%,4.6%,72000,25%,New Purchase,Primary Residence,Principal + Interest,2,
2018-05-30,UK,London,Clydesdale Bank,GBP,Bank,Mortgages,Mortgages,2 Year Discounted Standard Variable Rate - Fee Offer (SVR Minus 2.41%)  (C),,Offline,10,Variable,2.54%,4.6%,72000,25%,New Purchase,Primary Residence,Principal + Interest,2,
2018-05-30,UK,London,Clydesdale Bank,GBP,Bank,Mortgages,Mortgages,2 Year Fixed Rate (C),,Offline,10,Variable,1.79%,4.5%,72000,25%,New Purchase,Primary Residence,Principal + Interest,2,
2018-05-30,UK,London,Clydesdale Bank,GBP,Bank,Mortgages,Mortgages,2 Year Fixed Rate - Fee Offer (C),,Offline,10,Variable,2.54%,4.6%,72000,25%,New Purchase,Primary Residence,Principal + Interest,2,
2018-05-30,UK,London,Clydesdale Bank,GBP,Bank,Mortgages,Mortgages,5 Year Fixed Rate (C),,Offline,10,Variable,2.59%,4.2%,72000,25%,New Purchase,Primary Residence,Principal + Interest,5,
2018-05-30,UK,London,Clydesdale Bank,GBP,Bank,Mortgages,Mortgages,5 Year Fixed Rate - Fee Offer (C),,Offline,10,Variable,2.94%,4.2%,72000,25%,New Purchase,Primary Residence,Principal + Interest,5,
2018-05-30,UK,London,Clydesdale Bank,GBP,Bank,Mortgages,Mortgages,Offset 2 Year Discount (OVR Minus 2.21%) (C),,Offline,10,Variable,2.74%,4.7%,72000,25%,New Purchase,Primary Residence,Principal + Interest,,
2018-05-30,UK,London,Clydesdale Bank,GBP,Bank,Mortgages,Mortgages,2 Year Discounted Standard Variable Rate (SVR Minus 2.91%) (C),,Offline,10,Variable,2.04%,4.6%,216000,25%,New Purchase,Primary Residence,Principal + Interest,2,
2018-05-30,UK,London,Clydesdale Bank,GBP,Bank,Mortgages,Mortgages,2 Year Discounted Standard Variable Rate - Fee Offer (SVR Minus 2.41%)  (C),,Offline,10,Variable,2.54%,4.6%,216000,25%,New Purchase,Primary Residence,Principal + Interest,2,
2018-05-30,UK,London,Clydesdale Bank,GBP,Bank,Mortgages,Mortgages,2 Year Fixed Rate (C),,Offline,10,Variable,1.79%,4.5%,216000,25%,New Purchase,Primary Residence,Principal + Interest,2,
2018-05-30,UK,London,Clydesdale Bank,GBP,Bank,Mortgages,Mortgages,2 Year Fixed Rate - Fee Offer (C),,Offline,10,Variable,2.54%,4.6%,216000,25%,New Purchase,Primary Residence,Principal + Interest,2,
2018-05-30,UK,London,Clydesdale Bank,GBP,Bank,Mortgages,Mortgages,5 Year Fixed Rate (C),,Offline,10,Variable,2.59%,4.2%,216000,25%,New Purchase,Primary Residence,Principal + Interest,5,
2018-05-30,UK,London,Clydesdale Bank,GBP,Bank,Mortgages,Mortgages,5 Year Fixed Rate - Fee Offer (C),,Offline,10,Variable,2.94%,4.2%,216000,25%,New Purchase,Primary Residence,Principal + Interest,5,
2018-05-30,UK,London,Clydesdale Bank,GBP,Bank,Mortgages,Mortgages,Offset 2 Year Discount (OVR Minus 2.21%) (C),,Offline,10,Variable,2.74%,4.7%,216000,25%,New Purchase,Primary Residence,Principal + Interest,,
2018-05-30,UK,London,Clydesdale Bank,GBP,Bank,Mortgages,Mortgages,2 Year Discounted Standard Variable Rate (SVR Minus 2.91%) (C),,Offline,10,Variable,2.04%,4.6%,360000,25%,New Purchase,Primary Residence,Principal + Interest,2,
2018-05-30,UK,London,Clydesdale Bank,GBP,Bank,Mortgages,Mortgages,2 Year Discounted Standard Variable Rate - Fee Offer (SVR Minus 2.41%)  (C),,Offline,10,Variable,2.54%,4.6%,360000,25%,New Purchase,Primary Residence,Principal + Interest,2,
2018-05-30,UK,London,Clydesdale Bank,GBP,Bank,Mortgages,Mortgages,2 Year Fixed Rate (C),,Offline,10,Variable,1.79%,4.5%,360000,25%,New Purchase,Primary Residence,Principal + Interest,2,
2018-05-30,UK,London,Clydesdale Bank,GBP,Bank,Mortgages,Mortgages,2 Year Fixed Rate - Fee Offer (C),,Offline,10,Variable,2.54%,4.6%,360000,25%,New Purchase,Primary Residence,Principal + Interest,2,
2018-05-30,UK,London,Clydesdale Bank,GBP,Bank,Mortgages,Mortgages,5 Year Fixed Rate (C),,Offline,10,Variable,2.59%,4.2%,360000,25%,New Purchase,Primary Residence,Principal + Interest,5,
2018-05-30,UK,London,Clydesdale Bank,GBP,Bank,Mortgages,Mortgages,5 Year Fixed Rate - Fee Offer (C),,Offline,10,Variable,2.94%,4.2%,360000,25%,New Purchase,Primary Residence,Principal + Interest,5,
2018-05-30,UK,London,Clydesdale Bank,GBP,Bank,Mortgages,Mortgages,Offset 2 Year Discount (OVR Minus 2.21%) (C),,Offline,10,Variable,2.74%,4.7%,360000,25%,New Purchase,Primary Residence,Principal + Interest,,
