Date,Bank_Native_Country,State,Bank_Name,Bank_Local_Currency,Bank_Type,Bank_Product,Bank_Product_Type,Bank_Product_name,Min_Loan_Amount,Bank_Offer_Feature,Term (Y),Interest_Type,Interest,APRC,Mortgage_Loan_Amt,Mortgage_Down_Payment,Mortgage_Category,Mortgage_Reason,Mortgage_Pymt_Mode,Fixed_Rate_Term,Bank_Product_Code
5/23/2018,UK,London,Bank of Ireland,GBP,Bank,Mortgages,Mortgages,1 Year Fixed LTV <=60%,,Offline,30,Variable,3.000%,3.900%,"360,000 ",20%,New Purchase,Primary Residence,Principal + Interest,1,
5/23/2018,UK,London,Bank of Ireland,GBP,Bank,Mortgages,Mortgages,2 Year Fixed LTV <=60%,,Offline,30,Variable,3.000%,3.800%,"360,000 ",20%,New Purchase,Primary Residence,Principal + Interest,2,
5/23/2018,UK,London,Bank of Ireland,GBP,Bank,Mortgages,Mortgages,3 Year Fixed LTV <=60%,,Offline,30,Variable,3.000%,3.700%,"360,000 ",20%,New Purchase,Primary Residence,Principal + Interest,3,
5/23/2018,UK,London,Bank of Ireland,GBP,Bank,Mortgages,Mortgages,5 Year Fixed LTV <=60%,,Offline,30,Variable,3.000%,3.600%,"360,000 ",20%,New Purchase,Primary Residence,Principal + Interest,5,
5/23/2018,UK,London,Bank of Ireland,GBP,Bank,Mortgages,Mortgages,10 Year Fixed LTV <=60%,,Offline,30,Variable,3.300%,3.500%,"360,000 ",20%,New Purchase,Primary Residence,Principal + Interest,10,
5/23/2018,UK,London,Bank of Ireland,GBP,Bank,Mortgages,Mortgages,Variable (LTV <=60%),,Offline,30,Variable,3.900%,4.000%,"360,000 ",20%,New Purchase,Primary Residence,Principal + Interest,,
5/23/2018,UK,London,Bank of Ireland,GBP,Bank,Mortgages,Mortgages,1 Year Fixed LTV <=60%,,Offline,10,Variable,3.000%,3.900%,"72,000 ",20%,New Purchase,Primary Residence,Principal + Interest,1,
5/23/2018,UK,London,Bank of Ireland,GBP,Bank,Mortgages,Mortgages,2 Year Fixed LTV <=60%,,Offline,10,Variable,3.000%,3.800%,"72,000 ",20%,New Purchase,Primary Residence,Principal + Interest,2,
5/23/2018,UK,London,Bank of Ireland,GBP,Bank,Mortgages,Mortgages,3 Year Fixed LTV <=60%,,Offline,10,Variable,3.000%,3.700%,"72,000 ",20%,New Purchase,Primary Residence,Principal + Interest,3,
5/23/2018,UK,London,Bank of Ireland,GBP,Bank,Mortgages,Mortgages,5 Year Fixed LTV <=60%,,Offline,10,Variable,3.000%,3.600%,"72,000 ",20%,New Purchase,Primary Residence,Principal + Interest,5,
5/23/2018,UK,London,Bank of Ireland,GBP,Bank,Mortgages,Mortgages,10 Year Fixed LTV <=60%,,Offline,10,Variable,3.300%,3.500%,"72,000 ",20%,New Purchase,Primary Residence,Principal + Interest,10,
5/23/2018,UK,London,Bank of Ireland,GBP,Bank,Mortgages,Mortgages,Variable (LTV <=60%),,Offline,10,Variable,3.900%,4.000%,"72,000 ",20%,New Purchase,Primary Residence,Principal + Interest,,
5/23/2018,UK,London,Bank of Ireland,GBP,Bank,Mortgages,Mortgages,1 Year Fixed LTV <=60%,,Offline,10,Variable,3.000%,3.900%,"216,000 ",20%,New Purchase,Primary Residence,Principal + Interest,1,
5/23/2018,UK,London,Bank of Ireland,GBP,Bank,Mortgages,Mortgages,2 Year Fixed LTV <=60%,,Offline,10,Variable,3.000%,3.800%,"216,000 ",20%,New Purchase,Primary Residence,Principal + Interest,2,
5/23/2018,UK,London,Bank of Ireland,GBP,Bank,Mortgages,Mortgages,3 Year Fixed LTV <=60%,,Offline,10,Variable,3.000%,3.700%,"216,000 ",20%,New Purchase,Primary Residence,Principal + Interest,3,
5/23/2018,UK,London,Bank of Ireland,GBP,Bank,Mortgages,Mortgages,5 Year Fixed LTV <=60%,,Offline,10,Variable,3.000%,3.600%,"216,000 ",20%,New Purchase,Primary Residence,Principal + Interest,5,
5/23/2018,UK,London,Bank of Ireland,GBP,Bank,Mortgages,Mortgages,10 Year Fixed LTV <=60%,,Offline,10,Variable,3.300%,3.500%,"216,000 ",20%,New Purchase,Primary Residence,Principal + Interest,10,
5/23/2018,UK,London,Bank of Ireland,GBP,Bank,Mortgages,Mortgages,Variable (LTV <=60%),,Offline,10,Variable,3.900%,4.000%,"216,000 ",20%,New Purchase,Primary Residence,Principal + Interest,,
5/23/2018,UK,London,Bank of Ireland,GBP,Bank,Mortgages,Mortgages,1 Year Fixed LTV <=60%,,Offline,10,Variable,3.000%,3.900%,"360,000 ",20%,New Purchase,Primary Residence,Principal + Interest,1,
5/23/2018,UK,London,Bank of Ireland,GBP,Bank,Mortgages,Mortgages,2 Year Fixed LTV <=60%,,Offline,10,Variable,3.000%,3.800%,"360,000 ",20%,New Purchase,Primary Residence,Principal + Interest,2,
5/23/2018,UK,London,Bank of Ireland,GBP,Bank,Mortgages,Mortgages,3 Year Fixed LTV <=60%,,Offline,10,Variable,3.000%,3.700%,"360,000 ",20%,New Purchase,Primary Residence,Principal + Interest,3,
5/23/2018,UK,London,Bank of Ireland,GBP,Bank,Mortgages,Mortgages,5 Year Fixed LTV <=60%,,Offline,10,Variable,3.000%,3.600%,"360,000 ",20%,New Purchase,Primary Residence,Principal + Interest,5,
5/23/2018,UK,London,Bank of Ireland,GBP,Bank,Mortgages,Mortgages,10 Year Fixed LTV <=60%,,Offline,10,Variable,3.300%,3.500%,"360,000 ",20%,New Purchase,Primary Residence,Principal + Interest,10,
5/23/2018,UK,London,Bank of Ireland,GBP,Bank,Mortgages,Mortgages,Variable (LTV <=60%),,Offline,10,Variable,3.900%,4.000%,"360,000 ",20%,New Purchase,Primary Residence,Principal + Interest,,
5/23/2018,UK,London,Bank of Ireland,GBP,Bank,Mortgages,Mortgages,1 Year Fixed LTV <=60%,,Offline,15,Variable,3.000%,3.900%,"72,000 ",20%,New Purchase,Primary Residence,Principal + Interest,1,
5/23/2018,UK,London,Bank of Ireland,GBP,Bank,Mortgages,Mortgages,2 Year Fixed LTV <=60%,,Offline,15,Variable,3.000%,3.800%,"72,000 ",20%,New Purchase,Primary Residence,Principal + Interest,2,
5/23/2018,UK,London,Bank of Ireland,GBP,Bank,Mortgages,Mortgages,3 Year Fixed LTV <=60%,,Offline,15,Variable,3.000%,3.700%,"72,000 ",20%,New Purchase,Primary Residence,Principal + Interest,3,
5/23/2018,UK,London,Bank of Ireland,GBP,Bank,Mortgages,Mortgages,5 Year Fixed LTV <=60%,,Offline,15,Variable,3.000%,3.600%,"72,000 ",20%,New Purchase,Primary Residence,Principal + Interest,5,
5/23/2018,UK,London,Bank of Ireland,GBP,Bank,Mortgages,Mortgages,10 Year Fixed LTV <=60%,,Offline,15,Variable,3.300%,3.500%,"72,000 ",20%,New Purchase,Primary Residence,Principal + Interest,10,
5/23/2018,UK,London,Bank of Ireland,GBP,Bank,Mortgages,Mortgages,Variable (LTV <=60%),,Offline,15,Variable,3.900%,4.000%,"72,000 ",20%,New Purchase,Primary Residence,Principal + Interest,,
5/23/2018,UK,London,Bank of Ireland,GBP,Bank,Mortgages,Mortgages,1 Year Fixed LTV <=60%,,Offline,15,Variable,3.000%,3.900%,"216,000 ",20%,New Purchase,Primary Residence,Principal + Interest,1,
5/23/2018,UK,London,Bank of Ireland,GBP,Bank,Mortgages,Mortgages,2 Year Fixed LTV <=60%,,Offline,15,Variable,3.000%,3.800%,"216,000 ",20%,New Purchase,Primary Residence,Principal + Interest,2,
5/23/2018,UK,London,Bank of Ireland,GBP,Bank,Mortgages,Mortgages,3 Year Fixed LTV <=60%,,Offline,15,Variable,3.000%,3.700%,"216,000 ",20%,New Purchase,Primary Residence,Principal + Interest,3,
5/23/2018,UK,London,Bank of Ireland,GBP,Bank,Mortgages,Mortgages,5 Year Fixed LTV <=60%,,Offline,15,Variable,3.000%,3.600%,"216,000 ",20%,New Purchase,Primary Residence,Principal + Interest,5,
5/23/2018,UK,London,Bank of Ireland,GBP,Bank,Mortgages,Mortgages,10 Year Fixed LTV <=60%,,Offline,15,Variable,3.300%,3.500%,"216,000 ",20%,New Purchase,Primary Residence,Principal + Interest,10,
5/23/2018,UK,London,Bank of Ireland,GBP,Bank,Mortgages,Mortgages,Variable (LTV <=60%),,Offline,15,Variable,3.900%,4.000%,"216,000 ",20%,New Purchase,Primary Residence,Principal + Interest,,
5/23/2018,UK,London,Bank of Ireland,GBP,Bank,Mortgages,Mortgages,1 Year Fixed LTV <=60%,,Offline,15,Variable,3.000%,3.900%,"360,000 ",20%,New Purchase,Primary Residence,Principal + Interest,1,
5/23/2018,UK,London,Bank of Ireland,GBP,Bank,Mortgages,Mortgages,2 Year Fixed LTV <=60%,,Offline,15,Variable,3.000%,3.800%,"360,000 ",20%,New Purchase,Primary Residence,Principal + Interest,2,
5/23/2018,UK,London,Bank of Ireland,GBP,Bank,Mortgages,Mortgages,3 Year Fixed LTV <=60%,,Offline,15,Variable,3.000%,3.700%,"360,000 ",20%,New Purchase,Primary Residence,Principal + Interest,3,
5/23/2018,UK,London,Bank of Ireland,GBP,Bank,Mortgages,Mortgages,5 Year Fixed LTV <=60%,,Offline,15,Variable,3.000%,3.600%,"360,000 ",20%,New Purchase,Primary Residence,Principal + Interest,5,
5/23/2018,UK,London,Bank of Ireland,GBP,Bank,Mortgages,Mortgages,10 Year Fixed LTV <=60%,,Offline,15,Variable,3.300%,3.500%,"360,000 ",20%,New Purchase,Primary Residence,Principal + Interest,10,
5/23/2018,UK,London,Bank of Ireland,GBP,Bank,Mortgages,Mortgages,Variable (LTV <=60%),,Offline,15,Variable,3.900%,4.000%,"360,000 ",20%,New Purchase,Primary Residence,Principal + Interest,,
5/23/2018,UK,London,Bank of Ireland,GBP,Bank,Mortgages,Mortgages,1 Year Fixed LTV <=60%,,Offline,25,Variable,3.000%,3.900%,"72,000 ",20%,New Purchase,Primary Residence,Principal + Interest,1,
5/23/2018,UK,London,Bank of Ireland,GBP,Bank,Mortgages,Mortgages,2 Year Fixed LTV <=60%,,Offline,25,Variable,3.000%,3.800%,"72,000 ",20%,New Purchase,Primary Residence,Principal + Interest,2,
5/23/2018,UK,London,Bank of Ireland,GBP,Bank,Mortgages,Mortgages,3 Year Fixed LTV <=60%,,Offline,25,Variable,3.000%,3.700%,"72,000 ",20%,New Purchase,Primary Residence,Principal + Interest,3,
5/23/2018,UK,London,Bank of Ireland,GBP,Bank,Mortgages,Mortgages,5 Year Fixed LTV <=60%,,Offline,25,Variable,3.000%,3.600%,"72,000 ",20%,New Purchase,Primary Residence,Principal + Interest,5,
5/23/2018,UK,London,Bank of Ireland,GBP,Bank,Mortgages,Mortgages,10 Year Fixed LTV <=60%,,Offline,25,Variable,3.300%,3.500%,"72,000 ",20%,New Purchase,Primary Residence,Principal + Interest,10,
5/23/2018,UK,London,Bank of Ireland,GBP,Bank,Mortgages,Mortgages,Variable (LTV <=60%),,Offline,25,Variable,3.900%,4.000%,"72,000 ",20%,New Purchase,Primary Residence,Principal + Interest,,
5/23/2018,UK,London,Bank of Ireland,GBP,Bank,Mortgages,Mortgages,1 Year Fixed LTV <=60%,,Offline,25,Variable,3.000%,3.900%,"216,000 ",20%,New Purchase,Primary Residence,Principal + Interest,1,
5/23/2018,UK,London,Bank of Ireland,GBP,Bank,Mortgages,Mortgages,2 Year Fixed LTV <=60%,,Offline,25,Variable,3.000%,3.800%,"216,000 ",20%,New Purchase,Primary Residence,Principal + Interest,2,
5/23/2018,UK,London,Bank of Ireland,GBP,Bank,Mortgages,Mortgages,3 Year Fixed LTV <=60%,,Offline,25,Variable,3.000%,3.700%,"216,000 ",20%,New Purchase,Primary Residence,Principal + Interest,3,
5/23/2018,UK,London,Bank of Ireland,GBP,Bank,Mortgages,Mortgages,5 Year Fixed LTV <=60%,,Offline,25,Variable,3.000%,3.600%,"216,000 ",20%,New Purchase,Primary Residence,Principal + Interest,5,
5/23/2018,UK,London,Bank of Ireland,GBP,Bank,Mortgages,Mortgages,10 Year Fixed LTV <=60%,,Offline,25,Variable,3.300%,3.500%,"216,000 ",20%,New Purchase,Primary Residence,Principal + Interest,10,
5/23/2018,UK,London,Bank of Ireland,GBP,Bank,Mortgages,Mortgages,Variable (LTV <=60%),,Offline,25,Variable,3.900%,4.000%,"216,000 ",20%,New Purchase,Primary Residence,Principal + Interest,,
5/23/2018,UK,London,Bank of Ireland,GBP,Bank,Mortgages,Mortgages,1 Year Fixed LTV <=60%,,Offline,25,Variable,3.000%,3.900%,"360,000 ",20%,New Purchase,Primary Residence,Principal + Interest,1,
5/23/2018,UK,London,Bank of Ireland,GBP,Bank,Mortgages,Mortgages,2 Year Fixed LTV <=60%,,Offline,25,Variable,3.000%,3.800%,"360,000 ",20%,New Purchase,Primary Residence,Principal + Interest,2,
5/23/2018,UK,London,Bank of Ireland,GBP,Bank,Mortgages,Mortgages,3 Year Fixed LTV <=60%,,Offline,25,Variable,3.000%,3.700%,"360,000 ",20%,New Purchase,Primary Residence,Principal + Interest,3,
5/23/2018,UK,London,Bank of Ireland,GBP,Bank,Mortgages,Mortgages,5 Year Fixed LTV <=60%,,Offline,25,Variable,3.000%,3.600%,"360,000 ",20%,New Purchase,Primary Residence,Principal + Interest,5,
5/23/2018,UK,London,Bank of Ireland,GBP,Bank,Mortgages,Mortgages,10 Year Fixed LTV <=60%,,Offline,25,Variable,3.300%,3.500%,"360,000 ",20%,New Purchase,Primary Residence,Principal + Interest,10,
5/23/2018,UK,London,Bank of Ireland,GBP,Bank,Mortgages,Mortgages,Variable (LTV <=60%),,Offline,25,Variable,3.900%,4.000%,"360,000 ",20%,New Purchase,Primary Residence,Principal + Interest,,
