Date,Bank_Native_Country,State,Bank_Name,Bank_Local_Currency,Bank_Type,Bank_Product,Bank_Product_Type,Bank_Product_Name,Balance,Bank_Offer_Feature,Term in Months,Interest_Type,Interest,AER,Bank_Product_Code
05-30-2018,UK,London,Metro Bank,GBP,Bank,Deposits,Savings,Instant Access Savings, 1,Offline,,Variable,0.40%    ,0.40%    ,
05-30-2018,UK,London,Metro Bank,GBP,Bank,Deposits,Savings,Instant access cash isa, 1,Offline,,Variable,0.75%    ,0.75%    ,
05-30-2018,UK,London,Metro Bank,GBP,Bank,Deposits,Savings,Fixed rate cash ISA, 1,Offline,12.0,Variable,1.25%    ,1.25%    ,
05-30-2018,UK,London,Metro Bank,GBP,Bank,Deposits,Savings,Fixed rate cash ISA, 1,Offline,24.0,Variable,1.40%    ,1.40%    ,
05-30-2018,UK,London,Metro Bank,GBP,Bank,Deposits,Savings,Fixed rate cash ISA, 1,Offline,36.0,Variable,1.50%    ,1.50%    ,
05-30-2018,UK,London,Metro Bank,GBP,Bank,Deposits,Savings,Fixed rate cash ISA, 1,Offline,60.0,Variable,1.75%    ,1.75%    ,
05-30-2018,UK,London,Metro Bank,GBP,Bank,Deposits,Savings,Fixed Term Savings, 500,Offline,3.0,Variable,0.75%     ,0.75%     ,
05-30-2018,UK,London,Metro Bank,GBP,Bank,Deposits,Savings,Fixed Term Savings, 500,Offline,6.0,Variable,1.00%     ,1.00%     ,
05-30-2018,UK,London,Metro Bank,GBP,Bank,Deposits,Savings,Fixed Term Savings, 500,Offline,12.0,Variable,1.30%     ,1.30%     ,
05-30-2018,UK,London,Metro Bank,GBP,Bank,Deposits,Savings,Fixed Term Savings, 500,Offline,18.0,Variable,1.40%     ,1.40%     ,
05-30-2018,UK,London,Metro Bank,GBP,Bank,Deposits,Savings,Fixed Term Savings, 500,Offline,36.0,Variable,1.60%     ,1.60%     ,
05-30-2018,UK,London,Metro Bank,GBP,Bank,Deposits,Current,Current Account,0,Offline,,Variable,,,
