Date,Bank_Native_Country,State,Bank_Name,Bank_Local_Currency,Bank_Type,Bank_Product,Bank_Product_Type,Bank_Product_Name,Min_Loan_Amount,Bank_Offer_Feature,Term (Y),Interest_Type,Interest,APRC,Mortgage_Loan_Amt,Mortgage_Down_Payment,Mortgage_Category,Mortgage_Reason,Mortgage_Pymt_Mode,Fixed_Rate_Term,Bank_Product_Code
 2018-05-30,UK,London,Barclays,GBP,Bank,Mortgages,Mortgages,10 Year Fixed With Fee,5000.0,Offline,10,Fixed,2.89%,3.3%,72000, 20%,New Purchase,Primary Residence,Principal + Interest,10,
 2018-05-30,UK,London,Barclays,GBP,Bank,Mortgages,Mortgages,10 Year Fixed With Fee,5000.0,Offline,15,Fixed,2.89%,3.3%,72000, 20%,New Purchase,Primary Residence,Principal + Interest,10,
 2018-05-30,UK,London,Barclays,GBP,Bank,Mortgages,Mortgages,10 Year Fixed With Fee,5000.0,Offline,25,Fixed,2.89%,3.4%,72000, 20%,New Purchase,Primary Residence,Principal + Interest,10,
 2018-05-30,UK,London,Barclays,GBP,Bank,Mortgages,Mortgages,10 Year Fixed With Fee,5000.0,Offline,30,Fixed,2.89%,3.5%,72000, 20%,New Purchase,Primary Residence,Principal + Interest,10,
 2018-05-30,UK,London,Barclays,GBP,Bank,Mortgages,Mortgages,10 Year Fixed With Fee,5000.0,Offline,10,Fixed,2.89%,3.0%,216000, 20%,New Purchase,Primary Residence,Principal + Interest,10,
 2018-05-30,UK,London,Barclays,GBP,Bank,Mortgages,Mortgages,10 Year Fixed With Fee,5000.0,Offline,15,Fixed,2.89%,3.1%,216000, 20%,New Purchase,Primary Residence,Principal + Interest,10,
 2018-05-30,UK,London,Barclays,GBP,Bank,Mortgages,Mortgages,10 Year Fixed With Fee,5000.0,Offline,25,Fixed,2.89%,3.3%,216000, 20%,New Purchase,Primary Residence,Principal + Interest,10,
 2018-05-30,UK,London,Barclays,GBP,Bank,Mortgages,Mortgages,10 Year Fixed With Fee,5000.0,Offline,30,Fixed,2.89%,3.4%,216000, 20%,New Purchase,Primary Residence,Principal + Interest,10,
 2018-05-30,UK,London,Barclays,GBP,Bank,Mortgages,Mortgages,10 Year Fixed With Fee,5000.0,Offline,10,Fixed,2.89%,3.0%,360000, 20%,New Purchase,Primary Residence,Principal + Interest,10,
 2018-05-30,UK,London,Barclays,GBP,Bank,Mortgages,Mortgages,10 Year Fixed With Fee,5000.0,Offline,15,Fixed,2.89%,3.1%,360000, 20%,New Purchase,Primary Residence,Principal + Interest,10,
 2018-05-30,UK,London,Barclays,GBP,Bank,Mortgages,Mortgages,10 Year Fixed With Fee,5000.0,Offline,25,Fixed,2.89%,3.3%,360000, 20%,New Purchase,Primary Residence,Principal + Interest,10,
 2018-05-30,UK,London,Barclays,GBP,Bank,Mortgages,Mortgages,10 Year Fixed With Fee,5000.0,Offline,30,Fixed,2.89%,3.4%,360000, 20%,New Purchase,Primary Residence,Principal + Interest,10,
