Date,Bank_Native_Country,State,Bank_Name,Bank_Local_Currency,Bank_Type,Bank_Product,Bank_Product_Type,Bank_Product_Name,Balance,Bank_Offer_Feature,Term in Months,Interest_Type,Interest,AER,Bank_Product_Code
05-23-2018,UK,London,The Co-operative Bank,GBP,Bank,Deposits,Term Deposits,Britannia 1yr Fixed Rate Bond,1000,Offline,12,Fixed,1.15%,1.15%,
05-23-2018,UK,London,The Co-operative Bank,GBP,Bank,Deposits,Term Deposits,Britannia 2yr Fixed Rate Bond,1000,Offline,24,Fixed,1.30%,1.30%,
05-23-2018,UK,London,The Co-operative Bank,GBP,Bank,Deposits,Term Deposits,Britannia 3yr Fixed Rate Bond,1000,Offline,36,Fixed,1.45%,1.45%,
05-23-2018,UK,London,The Co-operative Bank,GBP,Bank,Deposits,Savings,Britannia Fixed Rate Cash ISA - fixed until 05/04/2019,5000,Offline,,Fixed,0.80%,0.80%,
05-23-2018,UK,London,The Co-operative Bank,GBP,Bank,Deposits,Savings,Britannia Fixed Rate Cash ISA - fixed until 05/04/2020,5000,Offline,,Fixed,0.90%,0.90%,
05-23-2018,UK,London,The Co-operative Bank,GBP,Bank,Deposits,Savings,Britannia Select Access Saver 8,1,Offline,,Variable,0.60%,0.60%,
05-23-2018,UK,London,The Co-operative Bank,GBP,Bank,Deposits,Savings,Britannia Select Access Saver 8,1,Offline,,Variable,0.10%,0.10%,
05-23-2018,UK,London,The Co-operative Bank,GBP,Bank,Deposits,Savings,The Co-operative Bank Cash ISA,1,Offline,,Variable,0.46%,0.46%,
05-23-2018,UK,London,The Co-operative Bank,GBP,Bank,Deposits,Savings,The Co-operative Bank The Co-operative Membership Savings,1,Offline,,Variable,0.25%,0.25%,
05-23-2018,UK,London,The Co-operative Bank,GBP,Bank,Deposits,Savings,The Co-operative Bank Future Fund Account,5000,Offline,,Variable,0.34%,0.34%,
05-23-2018,UK,London,The Co-operative Bank,GBP,Bank,Deposits,Savings,The Co-operative Bank Future Fund Account,1000,Offline,,Variable,0.34%,0.34%,
05-23-2018,UK,London,The Co-operative Bank,GBP,Bank,Deposits,Savings,The Co-operative Bank Future Fund Account,1,Offline,,Variable,0.34%,0.34%,
05-23-2018,UK,London,The Co-operative Bank,GBP,Bank,Deposits,Savings,The Co-operative Bank Online Cash ISA,1,Online,,Variable,0.56%,0.56%,
05-23-2018,UK,London,The Co-operative Bank,GBP,Bank,Deposits,Savings,The Co-operative Bank Online Saver,1,Online,,Variable,0.56%,0.56%,
05-23-2018,UK,London,The Co-operative Bank,GBP,Bank,Deposits,Savings,The Co-operative Bank Smart Saver,1,Offline,,Variable,0.34%,0.34%,
05-23-2018,UK,London,The Co-operative Bank,GBP,Bank,Deposits,Current,Current Account,,Offline,,,,,
05-23-2018,UK,London,The Co-operative Bank,GBP,Bank,Deposits,Current,Cashminder,,Offline,,,,,
