Date,Bank_Native_Country,State,Bank_Name,Bank_Local_Currency,Bank_Type,Bank_Product,Bank_Product_Type,Bank_Product_Name,Min_Loan_Amount,Bank_Offer_Feature,Term (Y),Interest_Type,Interest,APRC,Mortgage_Loan_Amt,Mortgage_Down_Payment,Mortgage_Category,Mortgage_Reason,Mortgage_Pymt_Mode,Fixed_Rate_Term,Bank_Product_Code
05-23-2018,UK,London,The Co-operative Bank,GBP,Bank,Mortgages,Mortgages,2 Year Fixed Rate,"5,000",Offline,,Fixed,1.94%,4.2%,,40%,Existing Customers ,Primary Residence,Principal + Interest,2,
05-23-2018,UK,London,The Co-operative Bank,GBP,Bank,Mortgages,Mortgages,2 Year Fixed Rate,"5,000",Offline,,Fixed,1.94%,4.2%,,30%,Existing Customers ,Primary Residence,Principal + Interest,2,
05-23-2018,UK,London,The Co-operative Bank,GBP,Bank,Mortgages,Mortgages,2 Year Fixed Rate,"5,000",Offline,,Fixed,1.94%,4.2%,,25%,Existing Customers ,Primary Residence,Principal + Interest,2,
05-23-2018,UK,London,The Co-operative Bank,GBP,Bank,Mortgages,Mortgages,2 Year Fixed Rate,"5,000",Offline,,Fixed,2.24%,4.3%,,20%,Existing Customers ,Primary Residence,Principal + Interest,2,
05-23-2018,UK,London,The Co-operative Bank,GBP,Bank,Mortgages,Mortgages,2 Year Fixed Rate,"5,000",Offline,,Fixed,2.24%,4.4%,,15%,Existing Customers ,Primary Residence,Principal + Interest,2,
05-23-2018,UK,London,The Co-operative Bank,GBP,Bank,Mortgages,Mortgages,2 Year Fixed Rate,"5,000",Offline,,Fixed,2.64%,4.5%,,10%,Existing Customers ,Primary Residence,Principal + Interest,2,
05-23-2018,UK,London,The Co-operative Bank,GBP,Bank,Mortgages,Mortgages,3 Year Fixed Rate,"5,000",Offline,,Fixed,2.14%,3.9%,,40%,Existing Customers ,Primary Residence,Principal + Interest,3,
05-23-2018,UK,London,The Co-operative Bank,GBP,Bank,Mortgages,Mortgages,3 Year Fixed Rate,"5,000",Offline,,Fixed,2.14%,4.0%,,30%,Existing Customers ,Primary Residence,Principal + Interest,3,
05-23-2018,UK,London,The Co-operative Bank,GBP,Bank,Mortgages,Mortgages,3 Year Fixed Rate,"5,000",Offline,,Fixed,2.14%,4.0%,,25%,Existing Customers ,Primary Residence,Principal + Interest,3,
05-23-2018,UK,London,The Co-operative Bank,GBP,Bank,Mortgages,Mortgages,3 Year Fixed Rate,"5,000",Offline,,Fixed,2.44%,4.2%,,20%,Existing Customers ,Primary Residence,Principal + Interest,3,
05-23-2018,UK,London,The Co-operative Bank,GBP,Bank,Mortgages,Mortgages,3 Year Fixed Rate,"5,000",Offline,,Fixed,2.44%,4.2%,,15%,Existing Customers ,Primary Residence,Principal + Interest,3,
05-23-2018,UK,London,The Co-operative Bank,GBP,Bank,Mortgages,Mortgages,3 Year Fixed Rate,"5,000",Offline,,Fixed,2.84%,4.3%,,10%,Existing Customers ,Primary Residence,Principal + Interest,3,
05-23-2018,UK,London,The Co-operative Bank,GBP,Bank,Mortgages,Mortgages,5 Year Fixed Rate,"5,000",Offline,,Fixed,2.34%,3.6%,,40%,Existing Customers ,Primary Residence,Principal + Interest,5,
05-23-2018,UK,London,The Co-operative Bank,GBP,Bank,Mortgages,Mortgages,5 Year Fixed Rate,"5,000",Offline,,Fixed,2.34%,3.6%,,30%,Existing Customers ,Primary Residence,Principal + Interest,5,
05-23-2018,UK,London,The Co-operative Bank,GBP,Bank,Mortgages,Mortgages,5 Year Fixed Rate,"5,000",Offline,,Fixed,2.34%,3.7%,,25%,Existing Customers ,Primary Residence,Principal + Interest,5,
05-23-2018,UK,London,The Co-operative Bank,GBP,Bank,Mortgages,Mortgages,5 Year Fixed Rate,"5,000",Offline,,Fixed,2.64%,3.9%,,20%,Existing Customers ,Primary Residence,Principal + Interest,5,
05-23-2018,UK,London,The Co-operative Bank,GBP,Bank,Mortgages,Mortgages,5 Year Fixed Rate,"5,000",Offline,,Fixed,2.64%,3.9%,,15%,Existing Customers ,Primary Residence,Principal + Interest,5,
05-23-2018,UK,London,The Co-operative Bank,GBP,Bank,Mortgages,Mortgages,5 Year Fixed Rate,"5,000",Offline,,Fixed,3.04%,4.1%,,10%,Existing Customers ,Primary Residence,Principal + Interest,5,
05-23-2018,UK,London,The Co-operative Bank,GBP,Bank,Mortgages,Mortgages,3 Year Fixed Rate,"5,000",Offline,,Fixed,1.84%,4.0%,,40%,Existing Customers ,Primary Residence,Principal + Interest,3,
05-23-2018,UK,London,The Co-operative Bank,GBP,Bank,Mortgages,Mortgages,3 Year Fixed Rate,"5,000",Offline,,Fixed,1.84%,4.0%,,30%,Existing Customers ,Primary Residence,Principal + Interest,3,
05-23-2018,UK,London,The Co-operative Bank,GBP,Bank,Mortgages,Mortgages,3 Year Fixed Rate,"5,000",Offline,,Fixed,1.84%,4.0%,,25%,Existing Customers ,Primary Residence,Principal + Interest,3,
05-23-2018,UK,London,The Co-operative Bank,GBP,Bank,Mortgages,Mortgages,3 Year Fixed Rate,"5,000",Offline,,Fixed,2.14%,4.2%,,20%,Existing Customers ,Primary Residence,Principal + Interest,3,
05-23-2018,UK,London,The Co-operative Bank,GBP,Bank,Mortgages,Mortgages,3 Year Fixed Rate,"5,000",Offline,,Fixed,2.14%,4.2%,,15%,Existing Customers ,Primary Residence,Principal + Interest,3,
05-23-2018,UK,London,The Co-operative Bank,GBP,Bank,Mortgages,Mortgages,3 Year Fixed Rate,"5,000",Offline,,Fixed,2.54%,4.3%,,10%,Existing Customers ,Primary Residence,Principal + Interest,3,
05-23-2018,UK,London,The Co-operative Bank,GBP,Bank,Mortgages,Mortgages,5 Year Fixed Rate,"5,000",Offline,,Fixed,2.14%,3.7%,,40%,Existing Customers ,Primary Residence,Principal + Interest,5,
05-23-2018,UK,London,The Co-operative Bank,GBP,Bank,Mortgages,Mortgages,5 Year Fixed Rate,"5,000",Offline,,Fixed,2.14%,3.7%,,30%,Existing Customers ,Primary Residence,Principal + Interest,5,
05-23-2018,UK,London,The Co-operative Bank,GBP,Bank,Mortgages,Mortgages,5 Year Fixed Rate,"5,000",Offline,,Fixed,2.14%,3.7%,,25%,Existing Customers ,Primary Residence,Principal + Interest,5,
05-23-2018,UK,London,The Co-operative Bank,GBP,Bank,Mortgages,Mortgages,5 Year Fixed Rate,"5,000",Offline,,Fixed,2.44%,3.9%,,20%,Existing Customers ,Primary Residence,Principal + Interest,5,
05-23-2018,UK,London,The Co-operative Bank,GBP,Bank,Mortgages,Mortgages,5 Year Fixed Rate,"5,000",Offline,,Fixed,2.44%,4.0%,,15%,Existing Customers ,Primary Residence,Principal + Interest,5,
05-23-2018,UK,London,The Co-operative Bank,GBP,Bank,Mortgages,Mortgages,5 Year Fixed Rate,"5,000",Offline,,Fixed,2.84%,4.1%,,10%,Existing Customers ,Primary Residence,Principal + Interest,5,
05-23-2018,UK,London,The Co-operative Bank,GBP,Bank,Mortgages,Mortgages,2 Year Fixed Rate,"5,000",Offline,,Fixed,1.44%,4.4%,,40%,Existing Customers ,Primary Residence,Principal + Interest,2,
05-23-2018,UK,London,The Co-operative Bank,GBP,Bank,Mortgages,Mortgages,2 Year Fixed Rate,"5,000",Offline,,Fixed,2.14%,4.5%,,10%,Existing Customers ,Primary Residence,Principal + Interest,2,
05-23-2018,UK,London,The Co-operative Bank,GBP,Bank,Mortgages,Mortgages,2 Year Fixed Rate,"5,000",Offline,,Fixed,1.44%,4.3%,,30%,Existing Customers ,Primary Residence,Principal + Interest,2,
05-23-2018,UK,London,The Co-operative Bank,GBP,Bank,Mortgages,Mortgages,2 Year Fixed Rate,"5,000",Offline,,Fixed,1.44%,4.3%,,25%,Existing Customers ,Primary Residence,Principal + Interest,2,
05-23-2018,UK,London,The Co-operative Bank,GBP,Bank,Mortgages,Mortgages,2 Year Fixed Rate,"5,000",Offline,,Fixed,1.74%,4.4%,,20%,Existing Customers ,Primary Residence,Principal + Interest,2,
05-23-2018,UK,London,The Co-operative Bank,GBP,Bank,Mortgages,Mortgages,2 Year Fixed Rate,"5,000",Offline,,Fixed,1.74%,4.4%,,15%,Existing Customers ,Primary Residence,Principal + Interest,2,
05-23-2018,UK,London,The Co-operative Bank,GBP,Bank,Mortgages,Mortgages,3 Year Fixed Rate,"5,000",Offline,,Fixed,1.74%,4.1%,,40%,Existing Customers ,Primary Residence,Principal + Interest,3,
05-23-2018,UK,London,The Co-operative Bank,GBP,Bank,Mortgages,Mortgages,3 Year Fixed Rate,"5,000",Offline,,Fixed,2.44%,4.3%,,10%,Existing Customers ,Primary Residence,Principal + Interest,3,
05-23-2018,UK,London,The Co-operative Bank,GBP,Bank,Mortgages,Mortgages,3 Year Fixed Rate,"5,000",Offline,,Fixed,1.74%,4.0%,,30%,Existing Customers ,Primary Residence,Principal + Interest,3,
05-23-2018,UK,London,The Co-operative Bank,GBP,Bank,Mortgages,Mortgages,3 Year Fixed Rate,"5,000",Offline,,Fixed,1.74%,4.1%,,25%,Existing Customers ,Primary Residence,Principal + Interest,3,
05-23-2018,UK,London,The Co-operative Bank,GBP,Bank,Mortgages,Mortgages,3 Year Fixed Rate,"5,000",Offline,,Fixed,2.04%,4.2%,,20%,Existing Customers ,Primary Residence,Principal + Interest,3,
05-23-2018,UK,London,The Co-operative Bank,GBP,Bank,Mortgages,Mortgages,3 Year Fixed Rate,"5,000",Offline,,Fixed,2.04%,4.2%,,15%,Existing Customers ,Primary Residence,Principal + Interest,3,
05-23-2018,UK,London,The Co-operative Bank,GBP,Bank,Mortgages,Mortgages,5 Year Fixed Rate,"5,000",Offline,,Fixed,2.04%,3.7%,,40%,Existing Customers ,Primary Residence,Principal + Interest,5,
05-23-2018,UK,London,The Co-operative Bank,GBP,Bank,Mortgages,Mortgages,5 Year Fixed Rate,"5,000",Offline,,Fixed,2.74%,4.1%,,10%,Existing Customers ,Primary Residence,Principal + Interest,5,
05-23-2018,UK,London,The Co-operative Bank,GBP,Bank,Mortgages,Mortgages,5 Year Fixed Rate,"5,000",Offline,,Fixed,2.04%,3.7%,,30%,Existing Customers ,Primary Residence,Principal + Interest,5,
05-23-2018,UK,London,The Co-operative Bank,GBP,Bank,Mortgages,Mortgages,5 Year Fixed Rate,"5,000",Offline,,Fixed,2.04%,3.7%,,25%,Existing Customers ,Primary Residence,Principal + Interest,5,
05-23-2018,UK,London,The Co-operative Bank,GBP,Bank,Mortgages,Mortgages,5 Year Fixed Rate,"5,000",Offline,,Fixed,2.34%,3.9%,,20%,Existing Customers ,Primary Residence,Principal + Interest,5,
05-23-2018,UK,London,The Co-operative Bank,GBP,Bank,Mortgages,Mortgages,5 Year Fixed Rate,"5,000",Offline,,Fixed,2.34%,4.0%,,15%,Existing Customers ,Primary Residence,Principal + Interest,5,
05-23-2018,UK,London,The Co-operative Bank,GBP,Bank,Mortgages,Mortgages,2 Year Fixed Rate,"5,000",Offline,,Fixed,1.54%,4.3%,,40%,Existing Customers ,Primary Residence,Principal + Interest,2,
05-23-2018,UK,London,The Co-operative Bank,GBP,Bank,Mortgages,Mortgages,2 Year Fixed Rate,"5,000",Offline,,Fixed,1.54%,4.2%,,30%,Existing Customers ,Primary Residence,Principal + Interest,2,
05-23-2018,UK,London,The Co-operative Bank,GBP,Bank,Mortgages,Mortgages,2 Year Fixed Rate,"5,000",Offline,,Fixed,1.54%,4.3%,,25%,Existing Customers ,Primary Residence,Principal + Interest,2,
05-23-2018,UK,London,The Co-operative Bank,GBP,Bank,Mortgages,Mortgages,2 Year Fixed Rate,"5,000",Offline,,Fixed,1.84%,4.4%,,20%,Existing Customers ,Primary Residence,Principal + Interest,2,
05-23-2018,UK,London,The Co-operative Bank,GBP,Bank,Mortgages,Mortgages,2 Year Fixed Rate,"5,000",Offline,,Fixed,1.84%,4.4%,,15%,Existing Customers ,Primary Residence,Principal + Interest,2,
05-23-2018,UK,London,The Co-operative Bank,GBP,Bank,Mortgages,Mortgages,2 Year Fixed Rate,"5,000",Offline,,Fixed,2.24%,4.5%,,10%,Existing Customers ,Primary Residence,Principal + Interest,2,
05-23-2018,UK,London,The Co-operative Bank,GBP,Bank,Mortgages,Mortgages,Lifetime Tracker,"5,000",Offline,,Fixed,2.99%,3.3%,,40%,Existing Customers ,Primary Residence,Principal + Interest,,
05-23-2018,UK,London,The Co-operative Bank,GBP,Bank,Mortgages,Mortgages,Lifetime Tracker,"5,000",Offline,,Fixed,3.14%,3.3%,,30%,Existing Customers ,Primary Residence,Principal + Interest,,
05-23-2018,UK,London,The Co-operative Bank,GBP,Bank,Mortgages,Mortgages,Lifetime Tracker,"5,000",Offline,,Fixed,3.29%,3.5%,,25%,Existing Customers ,Primary Residence,Principal + Interest,,
