Date,Bank_Native_Country,State,Bank_Name,Bank_Local_Currency,Bank_Type,Bank_Product,Bank_Product_Type,Bank_Product_Name,Min_Loan_Amount,Bank_Offer_Feature,Term (Y),Interest_Type,Interest,APRC,Mortgage_Loan_Amt,Mortgage_Down_Payment,Mortgage_Category,Mortgage_Reason,Mortgage_Pymt_Mode,Fixed_Rate_Term,Bank_Product_Code
05-30-2018,UK,London,TSB,GBP,Bank,Mortgages,Mortgages,2 year fixed With Fee,,Offline,10,Fixed,1.59%,3.7%,72000,20%,New Purchase,Primary Residence,Principal + Interest,2,
05-30-2018,UK,London,TSB,GBP,Bank,Mortgages,Mortgages,5 year fixed With Fee,,Offline,10,Fixed,2.14%,3.4%,72000,20%,New Purchase,Primary Residence,Principal + Interest,5,
05-30-2018,UK,London,TSB,GBP,Bank,Mortgages,Mortgages,10 year fixed,,Offline,10,Fixed,3.19%,3.5%,72000,20%,New Purchase,Primary Residence,Principal + Interest,10,
05-30-2018,UK,London,TSB,GBP,Bank,Mortgages,Mortgages,2 year fixed With Fee,,Offline,15,Fixed,1.59%,3.7%,72000,20%,New Purchase,Primary Residence,Principal + Interest,2,
05-30-2018,UK,London,TSB,GBP,Bank,Mortgages,Mortgages,5 year fixed With Fee,,Offline,15,Fixed,2.14%,3.4%,72000,20%,New Purchase,Primary Residence,Principal + Interest,5,
05-30-2018,UK,London,TSB,GBP,Bank,Mortgages,Mortgages,10 year fixed,,Offline,15,Fixed,3.19%,3.5%,72000,20%,New Purchase,Primary Residence,Principal + Interest,10,
05-30-2018,UK,London,TSB,GBP,Bank,Mortgages,Mortgages,2 year fixed With Fee,,Offline,25,Fixed,1.59%,3.7%,72000,20%,New Purchase,Primary Residence,Principal + Interest,2,
05-30-2018,UK,London,TSB,GBP,Bank,Mortgages,Mortgages,5 year fixed With Fee,,Offline,25,Fixed,2.14%,3.4%,72000,20%,New Purchase,Primary Residence,Principal + Interest,5,
05-30-2018,UK,London,TSB,GBP,Bank,Mortgages,Mortgages,10 year fixed,,Offline,25,Fixed,3.19%,3.5%,72000,20%,New Purchase,Primary Residence,Principal + Interest,10,
05-30-2018,UK,London,TSB,GBP,Bank,Mortgages,Mortgages,2 year fixed With Fee,,Offline,30,Fixed,1.59%,3.7%,72000,20%,New Purchase,Primary Residence,Principal + Interest,2,
05-30-2018,UK,London,TSB,GBP,Bank,Mortgages,Mortgages,5 year fixed With Fee,,Offline,30,Fixed,2.14%,3.4%,72000,20%,New Purchase,Primary Residence,Principal + Interest,5,
05-30-2018,UK,London,TSB,GBP,Bank,Mortgages,Mortgages,10 year fixed,,Offline,30,Fixed,3.19%,3.5%,72000,20%,New Purchase,Primary Residence,Principal + Interest,10,
05-30-2018,UK,London,TSB,GBP,Bank,Mortgages,Mortgages,2 year fixed With Fee,,Offline,10,Fixed,1.59%,3.7%,216000,20%,New Purchase,Primary Residence,Principal + Interest,2,
05-30-2018,UK,London,TSB,GBP,Bank,Mortgages,Mortgages,5 year fixed With Fee,,Offline,10,Fixed,2.14%,3.4%,216000,20%,New Purchase,Primary Residence,Principal + Interest,5,
05-30-2018,UK,London,TSB,GBP,Bank,Mortgages,Mortgages,10 year fixed,,Offline,10,Fixed,3.19%,3.5%,216000,20%,New Purchase,Primary Residence,Principal + Interest,10,
05-30-2018,UK,London,TSB,GBP,Bank,Mortgages,Mortgages,2 year fixed With Fee,,Offline,15,Fixed,1.59%,3.7%,216000,20%,New Purchase,Primary Residence,Principal + Interest,2,
05-30-2018,UK,London,TSB,GBP,Bank,Mortgages,Mortgages,5 year fixed With Fee,,Offline,15,Fixed,2.14%,3.4%,216000,20%,New Purchase,Primary Residence,Principal + Interest,5,
05-30-2018,UK,London,TSB,GBP,Bank,Mortgages,Mortgages,10 year fixed,,Offline,15,Fixed,3.19%,3.5%,216000,20%,New Purchase,Primary Residence,Principal + Interest,10,
05-30-2018,UK,London,TSB,GBP,Bank,Mortgages,Mortgages,2 year fixed With Fee,,Offline,25,Fixed,1.59%,3.7%,216000,20%,New Purchase,Primary Residence,Principal + Interest,2,
05-30-2018,UK,London,TSB,GBP,Bank,Mortgages,Mortgages,5 year fixed With Fee,,Offline,25,Fixed,2.14%,3.4%,216000,20%,New Purchase,Primary Residence,Principal + Interest,5,
05-30-2018,UK,London,TSB,GBP,Bank,Mortgages,Mortgages,10 year fixed,,Offline,25,Fixed,3.19%,3.5%,216000,20%,New Purchase,Primary Residence,Principal + Interest,10,
05-30-2018,UK,London,TSB,GBP,Bank,Mortgages,Mortgages,2 year fixed With Fee,,Offline,30,Fixed,1.59%,3.7%,216000,20%,New Purchase,Primary Residence,Principal + Interest,2,
05-30-2018,UK,London,TSB,GBP,Bank,Mortgages,Mortgages,5 year fixed With Fee,,Offline,30,Fixed,2.14%,3.4%,216000,20%,New Purchase,Primary Residence,Principal + Interest,5,
05-30-2018,UK,London,TSB,GBP,Bank,Mortgages,Mortgages,10 year fixed,,Offline,30,Fixed,3.19%,3.5%,216000,20%,New Purchase,Primary Residence,Principal + Interest,10,
05-30-2018,UK,London,TSB,GBP,Bank,Mortgages,Mortgages,2 year fixed With Fee,,Offline,10,Fixed,1.59%,3.7%,360000,20%,New Purchase,Primary Residence,Principal + Interest,2,
05-30-2018,UK,London,TSB,GBP,Bank,Mortgages,Mortgages,5 year fixed With Fee,,Offline,10,Fixed,2.14%,3.4%,360000,20%,New Purchase,Primary Residence,Principal + Interest,5,
05-30-2018,UK,London,TSB,GBP,Bank,Mortgages,Mortgages,10 year fixed,,Offline,10,Fixed,3.19%,3.5%,360000,20%,New Purchase,Primary Residence,Principal + Interest,10,
05-30-2018,UK,London,TSB,GBP,Bank,Mortgages,Mortgages,2 year fixed With Fee,,Offline,15,Fixed,1.59%,3.7%,360000,20%,New Purchase,Primary Residence,Principal + Interest,2,
05-30-2018,UK,London,TSB,GBP,Bank,Mortgages,Mortgages,5 year fixed With Fee,,Offline,15,Fixed,2.14%,3.4%,360000,20%,New Purchase,Primary Residence,Principal + Interest,5,
05-30-2018,UK,London,TSB,GBP,Bank,Mortgages,Mortgages,10 year fixed,,Offline,15,Fixed,3.19%,3.5%,360000,20%,New Purchase,Primary Residence,Principal + Interest,10,
05-30-2018,UK,London,TSB,GBP,Bank,Mortgages,Mortgages,2 year fixed With Fee,,Offline,25,Fixed,1.59%,3.7%,360000,20%,New Purchase,Primary Residence,Principal + Interest,2,
05-30-2018,UK,London,TSB,GBP,Bank,Mortgages,Mortgages,5 year fixed With Fee,,Offline,25,Fixed,2.14%,3.4%,360000,20%,New Purchase,Primary Residence,Principal + Interest,5,
05-30-2018,UK,London,TSB,GBP,Bank,Mortgages,Mortgages,10 year fixed,,Offline,25,Fixed,3.19%,3.5%,360000,20%,New Purchase,Primary Residence,Principal + Interest,10,
05-30-2018,UK,London,TSB,GBP,Bank,Mortgages,Mortgages,2 year fixed With Fee,,Offline,30,Fixed,1.59%,3.7%,360000,20%,New Purchase,Primary Residence,Principal + Interest,2,
05-30-2018,UK,London,TSB,GBP,Bank,Mortgages,Mortgages,5 year fixed With Fee,,Offline,30,Fixed,2.14%,3.4%,360000,20%,New Purchase,Primary Residence,Principal + Interest,5,
05-30-2018,UK,London,TSB,GBP,Bank,Mortgages,Mortgages,10 year fixed,,Offline,30,Fixed,3.19%,3.5%,360000,20%,New Purchase,Primary Residence,Principal + Interest,10,
