Date,Bank_Native_Country,State,Bank_Name,Bank_Local_Currency,Bank_Type,Bank_Product,Bank_Product_Type,Bank_Product_Name,Balance,Bank_Offer_Feature,Term in Months,Interest_Type,Interest,AER,Bank_Product_Code
05-30-2018,UK,London,HSBC,GBP,Bank,Deposits,Savings,Online Bonus Saver,"Upto50,000",Online,,Variable,0.10%,0.10%,
05-30-2018,UK,London,HSBC,GBP,Bank,Deposits,Savings,Online Bonus Saver,"50,000",Online,,Variable,0.10%,0.10%,
05-30-2018,UK,London,HSBC,GBP,Bank,Deposits,Savings,Flexible Saver,Allbalances,Offline,,Variable,0.05%,0.05%,
05-30-2018,UK,London,HSBC,GBP,Bank,Deposits,Term Deposits,Fixed Rate Saver,"2,000",Offline,36.0,Variable,0.70%,0.70%,
05-30-2018,UK,London,HSBC,GBP,Bank,Deposits,Term Deposits,Fixed Rate Saver,"50,000",Offline,36.0,Variable,0.70%,0.70%,
05-30-2018,UK,London,HSBC,GBP,Bank,Deposits,Term Deposits,Fixed Rate Saver,"2,000",Offline,12.0,Variable,0.50%,0.50%,
05-30-2018,UK,London,HSBC,GBP,Bank,Deposits,Term Deposits,Fixed Rate Saver,"50,000",Offline,12.0,Variable,0.60%,0.60%,
05-30-2018,UK,London,HSBC,GBP,Bank,Deposits,Term Deposits,Fixed Rate Saver,"2,000",Offline,6.0,Variable,0.40%,0.40%,
05-30-2018,UK,London,HSBC,GBP,Bank,Deposits,Term Deposits,Fixed Rate Saver,"50,000",Offline,6.0,Variable,0.40%,0.40%,
