Date,Bank_Native_Country,State,Bank_Name,Bank_Local_Currency,Bank_Type,Bank_Product,Bank_Product_Type,Bank_Product_Name,Min_Loan_Amount,Bank_Offer_Feature,Term (Y),Interest_Type,Interest,APRC,Mortgage_Loan_Amt,Mortgage_Down_Payment,Mortgage_Category,Mortgage_Reason,Mortgage_Pymt_Mode,Fixed_Rate_Term,Bank_Product_Code
 2018-05-30,UK,London,Metro Bank,GBP,Bank,Mortgages,Mortgages,2 year Fixed,,Offline,10,Variable,1.94%,3.7%,72000,20%,New Purchase,Primary Residence,Principal + Interest,2,
 2018-05-30,UK,London,Metro Bank,GBP,Bank,Mortgages,Mortgages,3 year Fixed,,Offline,10,Variable,1.94%,3.4%,72000,20%,New Purchase,Primary Residence,Principal + Interest,3,
 2018-05-30,UK,London,Metro Bank,GBP,Bank,Mortgages,Mortgages,2 year Fixed,,Offline,10,Variable,1.94%,3.4%,216000,20%,New Purchase,Primary Residence,Principal + Interest,2,
 2018-05-30,UK,London,Metro Bank,GBP,Bank,Mortgages,Mortgages,3 year Fixed,,Offline,10,Variable,1.94%,3.1%,216000,20%,New Purchase,Primary Residence,Principal + Interest,3,
 2018-05-30,UK,London,Metro Bank,GBP,Bank,Mortgages,Mortgages,2 year Fixed,,Offline,10,Variable,1.94%,3.4%,360000,20%,New Purchase,Primary Residence,Principal + Interest,2,
 2018-05-30,UK,London,Metro Bank,GBP,Bank,Mortgages,Mortgages,3 year Fixed,,Offline,10,Variable,1.94%,3.1%,360000,20%,New Purchase,Primary Residence,Principal + Interest,3,
 2018-05-30,UK,London,Metro Bank,GBP,Bank,Mortgages,Mortgages,2 year Fixed,,Offline,15,Variable,1.94%,3.8%,72000,20%,New Purchase,Primary Residence,Principal + Interest,2,
 2018-05-30,UK,London,Metro Bank,GBP,Bank,Mortgages,Mortgages,3 year Fixed,,Offline,15,Variable,1.94%,3.6%,72000,20%,New Purchase,Primary Residence,Principal + Interest,3,
 2018-05-30,UK,London,Metro Bank,GBP,Bank,Mortgages,Mortgages,2 year Fixed,,Offline,15,Variable,1.94%,3.6%,216000,20%,New Purchase,Primary Residence,Principal + Interest,2,
 2018-05-30,UK,London,Metro Bank,GBP,Bank,Mortgages,Mortgages,3 year Fixed,,Offline,15,Variable,1.94%,3.4%,216000,20%,New Purchase,Primary Residence,Principal + Interest,3,
 2018-05-30,UK,London,Metro Bank,GBP,Bank,Mortgages,Mortgages,2 year Fixed,,Offline,15,Variable,1.94%,3.6%,360000,20%,New Purchase,Primary Residence,Principal + Interest,2,
 2018-05-30,UK,London,Metro Bank,GBP,Bank,Mortgages,Mortgages,3 year Fixed,,Offline,15,Variable,1.94%,3.3%,360000,20%,New Purchase,Primary Residence,Principal + Interest,3,
 2018-05-30,UK,London,Metro Bank,GBP,Bank,Mortgages,Mortgages,2 year Fixed,,Offline,25,Variable,1.94%,3.9%,72000,20%,New Purchase,Primary Residence,Principal + Interest,2,
 2018-05-30,UK,London,Metro Bank,GBP,Bank,Mortgages,Mortgages,3 year Fixed,,Offline,25,Variable,1.94%,3.7%,72000,20%,New Purchase,Primary Residence,Principal + Interest,3,
 2018-05-30,UK,London,Metro Bank,GBP,Bank,Mortgages,Mortgages,2 year Fixed,,Offline,25,Variable,1.94%,3.8%,216000,20%,New Purchase,Primary Residence,Principal + Interest,2,
 2018-05-30,UK,London,Metro Bank,GBP,Bank,Mortgages,Mortgages,3 year Fixed,,Offline,25,Variable,1.94%,3.6%,216000,20%,New Purchase,Primary Residence,Principal + Interest,3,
 2018-05-30,UK,London,Metro Bank,GBP,Bank,Mortgages,Mortgages,2 year Fixed,,Offline,25,Variable,1.94%,3.7%,360000,20%,New Purchase,Primary Residence,Principal + Interest,2,
 2018-05-30,UK,London,Metro Bank,GBP,Bank,Mortgages,Mortgages,3 year Fixed,,Offline,25,Variable,1.94%,3.6%,360000,20%,New Purchase,Primary Residence,Principal + Interest,3,
 2018-05-30,UK,London,Metro Bank,GBP,Bank,Mortgages,Mortgages,2 year Fixed,,Offline,30,Variable,1.94%,3.9%,72000,20%,New Purchase,Primary Residence,Principal + Interest,2,
 2018-05-30,UK,London,Metro Bank,GBP,Bank,Mortgages,Mortgages,3 year Fixed,,Offline,30,Variable,1.94%,3.8%,72000,20%,New Purchase,Primary Residence,Principal + Interest,3,
 2018-05-30,UK,London,Metro Bank,GBP,Bank,Mortgages,Mortgages,2 year Fixed,,Offline,30,Variable,1.94%,3.8%,216000,20%,New Purchase,Primary Residence,Principal + Interest,2,
 2018-05-30,UK,London,Metro Bank,GBP,Bank,Mortgages,Mortgages,3 year Fixed,,Offline,30,Variable,1.94%,3.7%,216000,20%,New Purchase,Primary Residence,Principal + Interest,3,
 2018-05-30,UK,London,Metro Bank,GBP,Bank,Mortgages,Mortgages,2 year Fixed,,Offline,30,Variable,1.94%,3.8%,360000,20%,New Purchase,Primary Residence,Principal + Interest,2,
 2018-05-30,UK,London,Metro Bank,GBP,Bank,Mortgages,Mortgages,3 year Fixed,,Offline,30,Variable,1.94%,3.6%,360000,20%,New Purchase,Primary Residence,Principal + Interest,3,
