Date,Bank_Native_Country,State,Bank_Name,Bank_Local_Currency,Bank_Type,Bank_Product,Bank_Product_Type,Bank_Product_Name,Min_Loan_Amount,Bank_Offer_Feature,Term (Y),Interest_Type,Interest,APRC,Mortgage_Loan_Amt,Mortgage_Down_Payment,Mortgage_Category,Mortgage_Reason,Mortgage_Pymt_Mode,Fixed_Rate_Term,Bank_Product_Code
05-23-2018,UK,London,Virgin Money Plc.,GBP,Bank,Mortgages,Mortgages, Tracker   2 years ,,Offline,10,Variable,1.74%,4.4%,72000,20%,New Purchase,Primary Residence,Principal + Interest,2,
05-23-2018,UK,London,Virgin Money Plc.,GBP,Bank,Mortgages,Mortgages, Fixed   2 years ,,Offline,10,Fixed,1.81%,4.4%,72000,20%,New Purchase,Primary Residence,Principal + Interest,2,
05-23-2018,UK,London,Virgin Money Plc.,GBP,Bank,Mortgages,Mortgages, Fixed   2 years ,,Offline,10,Fixed,1.89%,4.4%,72000,20%,New Purchase,Primary Residence,Principal + Interest,2,
05-23-2018,UK,London,Virgin Money Plc.,GBP,Bank,Mortgages,Mortgages, Fixed   3 years ,,Offline,10,Fixed,1.99%,4.2%,72000,20%,New Purchase,Primary Residence,Principal + Interest,3,
05-23-2018,UK,London,Virgin Money Plc.,GBP,Bank,Mortgages,Mortgages, Tracker   2 years ,,Offline,10,Variable,1.99%,4.4%,72000,20%,New Purchase,Primary Residence,Principal + Interest,2,
05-23-2018,UK,London,Virgin Money Plc.,GBP,Bank,Mortgages,Mortgages, Fixed   2 years ,,Offline,10,Fixed,2.11%,4.4%,72000,20%,New Purchase,Primary Residence,Principal + Interest,2,
05-23-2018,UK,London,Virgin Money Plc.,GBP,Bank,Mortgages,Mortgages, Fixed   3 years ,,Offline,10,Fixed,2.18%,4.3%,72000,20%,New Purchase,Primary Residence,Principal + Interest,3,
05-23-2018,UK,London,Virgin Money Plc.,GBP,Bank,Mortgages,Mortgages, Fixed   3 years ,,Offline,10,Fixed,2.29%,4.3%,72000,20%,New Purchase,Primary Residence,Principal + Interest,3,
05-23-2018,UK,London,Virgin Money Plc.,GBP,Bank,Mortgages,Mortgages, Fixed   5 years ,,Offline,10,Fixed,2.39%,4.0%,72000,20%,New Purchase,Primary Residence,Principal + Interest,5,
05-23-2018,UK,London,Virgin Money Plc.,GBP,Bank,Mortgages,Mortgages, Tracker   2 years ,,Offline,10,Variable,2.44%,4.4%,72000,20%,New Purchase,Primary Residence,Principal + Interest,2,
05-23-2018,UK,London,Virgin Money Plc.,GBP,Bank,Mortgages,Mortgages, Fixed   5 years ,,Offline,10,Fixed,2.49%,4.1%,72000,20%,New Purchase,Primary Residence,Principal + Interest,5,
05-23-2018,UK,London,Virgin Money Plc.,GBP,Bank,Mortgages,Mortgages, Fixed   5 years ,,Offline,10,Fixed,2.50%,4.1%,72000,20%,New Purchase,Primary Residence,Principal + Interest,5,
05-23-2018,UK,London,Virgin Money Plc.,GBP,Bank,Mortgages,Mortgages, Tracker   2 years ,,Offline,10,Variable,3.69%,4.6%,72000,20%,New Purchase,Primary Residence,Principal + Interest,2,
05-23-2018,UK,London,Virgin Money Plc.,GBP,Bank,Mortgages,Mortgages, Tracker   2 years ,,Offline,10,Variable,1.74%,4.4%,216000,20%,New Purchase,Primary Residence,Principal + Interest,2,
05-23-2018,UK,London,Virgin Money Plc.,GBP,Bank,Mortgages,Mortgages, Fixed   2 years ,,Offline,10,Fixed,1.81%,4.4%,216000,20%,New Purchase,Primary Residence,Principal + Interest,2,
05-23-2018,UK,London,Virgin Money Plc.,GBP,Bank,Mortgages,Mortgages, Fixed   2 years ,,Offline,10,Fixed,1.89%,4.4%,216000,20%,New Purchase,Primary Residence,Principal + Interest,2,
05-23-2018,UK,London,Virgin Money Plc.,GBP,Bank,Mortgages,Mortgages, Fixed   3 years ,,Offline,10,Fixed,1.99%,4.2%,216000,20%,New Purchase,Primary Residence,Principal + Interest,3,
05-23-2018,UK,London,Virgin Money Plc.,GBP,Bank,Mortgages,Mortgages, Tracker   2 years ,,Offline,10,Variable,1.99%,4.4%,216000,20%,New Purchase,Primary Residence,Principal + Interest,2,
05-23-2018,UK,London,Virgin Money Plc.,GBP,Bank,Mortgages,Mortgages, Fixed   2 years ,,Offline,10,Fixed,2.11%,4.4%,216000,20%,New Purchase,Primary Residence,Principal + Interest,2,
05-23-2018,UK,London,Virgin Money Plc.,GBP,Bank,Mortgages,Mortgages, Fixed   3 years ,,Offline,10,Fixed,2.18%,4.3%,216000,20%,New Purchase,Primary Residence,Principal + Interest,3,
05-23-2018,UK,London,Virgin Money Plc.,GBP,Bank,Mortgages,Mortgages, Fixed   3 years ,,Offline,10,Fixed,2.29%,4.3%,216000,20%,New Purchase,Primary Residence,Principal + Interest,3,
05-23-2018,UK,London,Virgin Money Plc.,GBP,Bank,Mortgages,Mortgages, Fixed   5 years ,,Offline,10,Fixed,2.39%,4.0%,216000,20%,New Purchase,Primary Residence,Principal + Interest,5,
05-23-2018,UK,London,Virgin Money Plc.,GBP,Bank,Mortgages,Mortgages, Tracker   2 years ,,Offline,10,Variable,2.44%,4.4%,216000,20%,New Purchase,Primary Residence,Principal + Interest,2,
05-23-2018,UK,London,Virgin Money Plc.,GBP,Bank,Mortgages,Mortgages, Fixed   5 years ,,Offline,10,Fixed,2.49%,4.1%,216000,20%,New Purchase,Primary Residence,Principal + Interest,5,
05-23-2018,UK,London,Virgin Money Plc.,GBP,Bank,Mortgages,Mortgages, Fixed   5 years ,,Offline,10,Fixed,2.50%,4.1%,216000,20%,New Purchase,Primary Residence,Principal + Interest,5,
05-23-2018,UK,London,Virgin Money Plc.,GBP,Bank,Mortgages,Mortgages, Tracker   2 years ,,Offline,10,Variable,3.69%,4.6%,216000,20%,New Purchase,Primary Residence,Principal + Interest,2,
05-23-2018,UK,London,Virgin Money Plc.,GBP,Bank,Mortgages,Mortgages, Tracker   2 years ,,Offline,10,Variable,1.74%,4.4%,360000,20%,New Purchase,Primary Residence,Principal + Interest,2,
05-23-2018,UK,London,Virgin Money Plc.,GBP,Bank,Mortgages,Mortgages, Fixed   2 years ,,Offline,10,Fixed,1.81%,4.4%,360000,20%,New Purchase,Primary Residence,Principal + Interest,2,
05-23-2018,UK,London,Virgin Money Plc.,GBP,Bank,Mortgages,Mortgages, Fixed   2 years ,,Offline,10,Fixed,1.89%,4.4%,360000,20%,New Purchase,Primary Residence,Principal + Interest,2,
05-23-2018,UK,London,Virgin Money Plc.,GBP,Bank,Mortgages,Mortgages, Fixed   3 years ,,Offline,10,Fixed,1.99%,4.2%,360000,20%,New Purchase,Primary Residence,Principal + Interest,3,
05-23-2018,UK,London,Virgin Money Plc.,GBP,Bank,Mortgages,Mortgages, Tracker   2 years ,,Offline,10,Variable,1.99%,4.4%,360000,20%,New Purchase,Primary Residence,Principal + Interest,2,
05-23-2018,UK,London,Virgin Money Plc.,GBP,Bank,Mortgages,Mortgages, Fixed   2 years ,,Offline,10,Fixed,2.11%,4.4%,360000,20%,New Purchase,Primary Residence,Principal + Interest,2,
05-23-2018,UK,London,Virgin Money Plc.,GBP,Bank,Mortgages,Mortgages, Fixed   3 years ,,Offline,10,Fixed,2.18%,4.3%,360000,20%,New Purchase,Primary Residence,Principal + Interest,3,
05-23-2018,UK,London,Virgin Money Plc.,GBP,Bank,Mortgages,Mortgages, Fixed   3 years ,,Offline,10,Fixed,2.29%,4.3%,360000,20%,New Purchase,Primary Residence,Principal + Interest,3,
05-23-2018,UK,London,Virgin Money Plc.,GBP,Bank,Mortgages,Mortgages, Fixed   5 years ,,Offline,10,Fixed,2.39%,4.0%,360000,20%,New Purchase,Primary Residence,Principal + Interest,5,
05-23-2018,UK,London,Virgin Money Plc.,GBP,Bank,Mortgages,Mortgages, Tracker   2 years ,,Offline,10,Variable,2.44%,4.4%,360000,20%,New Purchase,Primary Residence,Principal + Interest,2,
05-23-2018,UK,London,Virgin Money Plc.,GBP,Bank,Mortgages,Mortgages, Fixed   5 years ,,Offline,10,Fixed,2.49%,4.1%,360000,20%,New Purchase,Primary Residence,Principal + Interest,5,
05-23-2018,UK,London,Virgin Money Plc.,GBP,Bank,Mortgages,Mortgages, Fixed   5 years ,,Offline,10,Fixed,2.50%,4.1%,360000,20%,New Purchase,Primary Residence,Principal + Interest,5,
05-23-2018,UK,London,Virgin Money Plc.,GBP,Bank,Mortgages,Mortgages, Tracker   2 years ,,Offline,10,Variable,3.69%,4.6%,360000,20%,New Purchase,Primary Residence,Principal + Interest,2,
05-23-2018,UK,London,Virgin Money Plc.,GBP,Bank,Mortgages,Mortgages, Tracker   2 years ,,Offline,15,Variable,1.74%,4.4%,72000,20%,New Purchase,Primary Residence,Principal + Interest,2,
05-23-2018,UK,London,Virgin Money Plc.,GBP,Bank,Mortgages,Mortgages, Fixed   2 years ,,Offline,15,Fixed,1.81%,4.4%,72000,20%,New Purchase,Primary Residence,Principal + Interest,2,
05-23-2018,UK,London,Virgin Money Plc.,GBP,Bank,Mortgages,Mortgages, Fixed   2 years ,,Offline,15,Fixed,1.89%,4.4%,72000,20%,New Purchase,Primary Residence,Principal + Interest,2,
05-23-2018,UK,London,Virgin Money Plc.,GBP,Bank,Mortgages,Mortgages, Fixed   3 years ,,Offline,15,Fixed,1.99%,4.2%,72000,20%,New Purchase,Primary Residence,Principal + Interest,3,
05-23-2018,UK,London,Virgin Money Plc.,GBP,Bank,Mortgages,Mortgages, Tracker   2 years ,,Offline,15,Variable,1.99%,4.4%,72000,20%,New Purchase,Primary Residence,Principal + Interest,2,
05-23-2018,UK,London,Virgin Money Plc.,GBP,Bank,Mortgages,Mortgages, Fixed   2 years ,,Offline,15,Fixed,2.11%,4.4%,72000,20%,New Purchase,Primary Residence,Principal + Interest,2,
05-23-2018,UK,London,Virgin Money Plc.,GBP,Bank,Mortgages,Mortgages, Fixed   3 years ,,Offline,15,Fixed,2.18%,4.3%,72000,20%,New Purchase,Primary Residence,Principal + Interest,3,
05-23-2018,UK,London,Virgin Money Plc.,GBP,Bank,Mortgages,Mortgages, Fixed   3 years ,,Offline,15,Fixed,2.29%,4.3%,72000,20%,New Purchase,Primary Residence,Principal + Interest,3,
05-23-2018,UK,London,Virgin Money Plc.,GBP,Bank,Mortgages,Mortgages, Fixed   5 years ,,Offline,15,Fixed,2.39%,4.0%,72000,20%,New Purchase,Primary Residence,Principal + Interest,5,
05-23-2018,UK,London,Virgin Money Plc.,GBP,Bank,Mortgages,Mortgages, Tracker   2 years ,,Offline,15,Variable,2.44%,4.4%,72000,20%,New Purchase,Primary Residence,Principal + Interest,2,
05-23-2018,UK,London,Virgin Money Plc.,GBP,Bank,Mortgages,Mortgages, Fixed   5 years ,,Offline,15,Fixed,2.49%,4.1%,72000,20%,New Purchase,Primary Residence,Principal + Interest,5,
05-23-2018,UK,London,Virgin Money Plc.,GBP,Bank,Mortgages,Mortgages, Fixed   5 years ,,Offline,15,Fixed,2.50%,4.1%,72000,20%,New Purchase,Primary Residence,Principal + Interest,5,
05-23-2018,UK,London,Virgin Money Plc.,GBP,Bank,Mortgages,Mortgages, Tracker   2 years ,,Offline,15,Variable,3.69%,4.6%,72000,20%,New Purchase,Primary Residence,Principal + Interest,2,
05-23-2018,UK,London,Virgin Money Plc.,GBP,Bank,Mortgages,Mortgages, Tracker   2 years ,,Offline,15,Variable,1.74%,4.4%,216000,20%,New Purchase,Primary Residence,Principal + Interest,2,
05-23-2018,UK,London,Virgin Money Plc.,GBP,Bank,Mortgages,Mortgages, Fixed   2 years ,,Offline,15,Fixed,1.81%,4.4%,216000,20%,New Purchase,Primary Residence,Principal + Interest,2,
05-23-2018,UK,London,Virgin Money Plc.,GBP,Bank,Mortgages,Mortgages, Fixed   2 years ,,Offline,15,Fixed,1.89%,4.4%,216000,20%,New Purchase,Primary Residence,Principal + Interest,2,
05-23-2018,UK,London,Virgin Money Plc.,GBP,Bank,Mortgages,Mortgages, Fixed   3 years ,,Offline,15,Fixed,1.99%,4.2%,216000,20%,New Purchase,Primary Residence,Principal + Interest,3,
05-23-2018,UK,London,Virgin Money Plc.,GBP,Bank,Mortgages,Mortgages, Tracker   2 years ,,Offline,15,Variable,1.99%,4.4%,216000,20%,New Purchase,Primary Residence,Principal + Interest,2,
05-23-2018,UK,London,Virgin Money Plc.,GBP,Bank,Mortgages,Mortgages, Fixed   2 years ,,Offline,15,Fixed,2.11%,4.4%,216000,20%,New Purchase,Primary Residence,Principal + Interest,2,
05-23-2018,UK,London,Virgin Money Plc.,GBP,Bank,Mortgages,Mortgages, Fixed   3 years ,,Offline,15,Fixed,2.18%,4.3%,216000,20%,New Purchase,Primary Residence,Principal + Interest,3,
05-23-2018,UK,London,Virgin Money Plc.,GBP,Bank,Mortgages,Mortgages, Fixed   3 years ,,Offline,15,Fixed,2.29%,4.3%,216000,20%,New Purchase,Primary Residence,Principal + Interest,3,
05-23-2018,UK,London,Virgin Money Plc.,GBP,Bank,Mortgages,Mortgages, Fixed   5 years ,,Offline,15,Fixed,2.39%,4.0%,216000,20%,New Purchase,Primary Residence,Principal + Interest,5,
05-23-2018,UK,London,Virgin Money Plc.,GBP,Bank,Mortgages,Mortgages, Tracker   2 years ,,Offline,15,Variable,2.44%,4.4%,216000,20%,New Purchase,Primary Residence,Principal + Interest,2,
05-23-2018,UK,London,Virgin Money Plc.,GBP,Bank,Mortgages,Mortgages, Fixed   5 years ,,Offline,15,Fixed,2.49%,4.1%,216000,20%,New Purchase,Primary Residence,Principal + Interest,5,
05-23-2018,UK,London,Virgin Money Plc.,GBP,Bank,Mortgages,Mortgages, Fixed   5 years ,,Offline,15,Fixed,2.50%,4.1%,216000,20%,New Purchase,Primary Residence,Principal + Interest,5,
05-23-2018,UK,London,Virgin Money Plc.,GBP,Bank,Mortgages,Mortgages, Tracker   2 years ,,Offline,15,Variable,3.69%,4.6%,216000,20%,New Purchase,Primary Residence,Principal + Interest,2,
05-23-2018,UK,London,Virgin Money Plc.,GBP,Bank,Mortgages,Mortgages, Tracker   2 years ,,Offline,15,Variable,1.74%,4.4%,360000,20%,New Purchase,Primary Residence,Principal + Interest,2,
05-23-2018,UK,London,Virgin Money Plc.,GBP,Bank,Mortgages,Mortgages, Fixed   2 years ,,Offline,15,Fixed,1.81%,4.4%,360000,20%,New Purchase,Primary Residence,Principal + Interest,2,
05-23-2018,UK,London,Virgin Money Plc.,GBP,Bank,Mortgages,Mortgages, Fixed   2 years ,,Offline,15,Fixed,1.89%,4.4%,360000,20%,New Purchase,Primary Residence,Principal + Interest,2,
05-23-2018,UK,London,Virgin Money Plc.,GBP,Bank,Mortgages,Mortgages, Fixed   3 years ,,Offline,15,Fixed,1.99%,4.2%,360000,20%,New Purchase,Primary Residence,Principal + Interest,3,
05-23-2018,UK,London,Virgin Money Plc.,GBP,Bank,Mortgages,Mortgages, Tracker   2 years ,,Offline,15,Variable,1.99%,4.4%,360000,20%,New Purchase,Primary Residence,Principal + Interest,2,
05-23-2018,UK,London,Virgin Money Plc.,GBP,Bank,Mortgages,Mortgages, Fixed   2 years ,,Offline,15,Fixed,2.11%,4.4%,360000,20%,New Purchase,Primary Residence,Principal + Interest,2,
05-23-2018,UK,London,Virgin Money Plc.,GBP,Bank,Mortgages,Mortgages, Fixed   3 years ,,Offline,15,Fixed,2.18%,4.3%,360000,20%,New Purchase,Primary Residence,Principal + Interest,3,
05-23-2018,UK,London,Virgin Money Plc.,GBP,Bank,Mortgages,Mortgages, Fixed   3 years ,,Offline,15,Fixed,2.29%,4.3%,360000,20%,New Purchase,Primary Residence,Principal + Interest,3,
05-23-2018,UK,London,Virgin Money Plc.,GBP,Bank,Mortgages,Mortgages, Fixed   5 years ,,Offline,15,Fixed,2.39%,4.0%,360000,20%,New Purchase,Primary Residence,Principal + Interest,5,
05-23-2018,UK,London,Virgin Money Plc.,GBP,Bank,Mortgages,Mortgages, Tracker   2 years ,,Offline,15,Variable,2.44%,4.4%,360000,20%,New Purchase,Primary Residence,Principal + Interest,2,
05-23-2018,UK,London,Virgin Money Plc.,GBP,Bank,Mortgages,Mortgages, Fixed   5 years ,,Offline,15,Fixed,2.49%,4.1%,360000,20%,New Purchase,Primary Residence,Principal + Interest,5,
05-23-2018,UK,London,Virgin Money Plc.,GBP,Bank,Mortgages,Mortgages, Fixed   5 years ,,Offline,15,Fixed,2.50%,4.1%,360000,20%,New Purchase,Primary Residence,Principal + Interest,5,
05-23-2018,UK,London,Virgin Money Plc.,GBP,Bank,Mortgages,Mortgages, Tracker   2 years ,,Offline,15,Variable,3.69%,4.6%,360000,20%,New Purchase,Primary Residence,Principal + Interest,2,
05-23-2018,UK,London,Virgin Money Plc.,GBP,Bank,Mortgages,Mortgages, Tracker   2 years ,,Offline,25,Variable,1.74%,4.4%,72000,20%,New Purchase,Primary Residence,Principal + Interest,2,
05-23-2018,UK,London,Virgin Money Plc.,GBP,Bank,Mortgages,Mortgages, Fixed   2 years ,,Offline,25,Fixed,1.81%,4.4%,72000,20%,New Purchase,Primary Residence,Principal + Interest,2,
05-23-2018,UK,London,Virgin Money Plc.,GBP,Bank,Mortgages,Mortgages, Fixed   2 years ,,Offline,25,Fixed,1.89%,4.4%,72000,20%,New Purchase,Primary Residence,Principal + Interest,2,
05-23-2018,UK,London,Virgin Money Plc.,GBP,Bank,Mortgages,Mortgages, Fixed   3 years ,,Offline,25,Fixed,1.99%,4.2%,72000,20%,New Purchase,Primary Residence,Principal + Interest,3,
05-23-2018,UK,London,Virgin Money Plc.,GBP,Bank,Mortgages,Mortgages, Tracker   2 years ,,Offline,25,Variable,1.99%,4.4%,72000,20%,New Purchase,Primary Residence,Principal + Interest,2,
05-23-2018,UK,London,Virgin Money Plc.,GBP,Bank,Mortgages,Mortgages, Fixed   2 years ,,Offline,25,Fixed,2.11%,4.4%,72000,20%,New Purchase,Primary Residence,Principal + Interest,2,
05-23-2018,UK,London,Virgin Money Plc.,GBP,Bank,Mortgages,Mortgages, Fixed   3 years ,,Offline,25,Fixed,2.18%,4.3%,72000,20%,New Purchase,Primary Residence,Principal + Interest,3,
05-23-2018,UK,London,Virgin Money Plc.,GBP,Bank,Mortgages,Mortgages, Fixed   3 years ,,Offline,25,Fixed,2.29%,4.3%,72000,20%,New Purchase,Primary Residence,Principal + Interest,3,
05-23-2018,UK,London,Virgin Money Plc.,GBP,Bank,Mortgages,Mortgages, Fixed   5 years ,,Offline,25,Fixed,2.39%,4.0%,72000,20%,New Purchase,Primary Residence,Principal + Interest,5,
05-23-2018,UK,London,Virgin Money Plc.,GBP,Bank,Mortgages,Mortgages, Tracker   2 years ,,Offline,25,Variable,2.44%,4.4%,72000,20%,New Purchase,Primary Residence,Principal + Interest,2,
05-23-2018,UK,London,Virgin Money Plc.,GBP,Bank,Mortgages,Mortgages, Fixed   5 years ,,Offline,25,Fixed,2.49%,4.1%,72000,20%,New Purchase,Primary Residence,Principal + Interest,5,
05-23-2018,UK,London,Virgin Money Plc.,GBP,Bank,Mortgages,Mortgages, Fixed   5 years ,,Offline,25,Fixed,2.50%,4.1%,72000,20%,New Purchase,Primary Residence,Principal + Interest,5,
05-23-2018,UK,London,Virgin Money Plc.,GBP,Bank,Mortgages,Mortgages, Tracker   2 years ,,Offline,25,Variable,3.69%,4.6%,72000,20%,New Purchase,Primary Residence,Principal + Interest,2,
05-23-2018,UK,London,Virgin Money Plc.,GBP,Bank,Mortgages,Mortgages, Tracker   2 years ,,Offline,25,Variable,1.74%,4.4%,216000,20%,New Purchase,Primary Residence,Principal + Interest,2,
05-23-2018,UK,London,Virgin Money Plc.,GBP,Bank,Mortgages,Mortgages, Fixed   2 years ,,Offline,25,Fixed,1.81%,4.4%,216000,20%,New Purchase,Primary Residence,Principal + Interest,2,
05-23-2018,UK,London,Virgin Money Plc.,GBP,Bank,Mortgages,Mortgages, Fixed   2 years ,,Offline,25,Fixed,1.89%,4.4%,216000,20%,New Purchase,Primary Residence,Principal + Interest,2,
05-23-2018,UK,London,Virgin Money Plc.,GBP,Bank,Mortgages,Mortgages, Fixed   3 years ,,Offline,25,Fixed,1.99%,4.2%,216000,20%,New Purchase,Primary Residence,Principal + Interest,3,
05-23-2018,UK,London,Virgin Money Plc.,GBP,Bank,Mortgages,Mortgages, Tracker   2 years ,,Offline,25,Variable,1.99%,4.4%,216000,20%,New Purchase,Primary Residence,Principal + Interest,2,
05-23-2018,UK,London,Virgin Money Plc.,GBP,Bank,Mortgages,Mortgages, Fixed   2 years ,,Offline,25,Fixed,2.11%,4.4%,216000,20%,New Purchase,Primary Residence,Principal + Interest,2,
05-23-2018,UK,London,Virgin Money Plc.,GBP,Bank,Mortgages,Mortgages, Fixed   3 years ,,Offline,25,Fixed,2.18%,4.3%,216000,20%,New Purchase,Primary Residence,Principal + Interest,3,
05-23-2018,UK,London,Virgin Money Plc.,GBP,Bank,Mortgages,Mortgages, Fixed   3 years ,,Offline,25,Fixed,2.29%,4.3%,216000,20%,New Purchase,Primary Residence,Principal + Interest,3,
05-23-2018,UK,London,Virgin Money Plc.,GBP,Bank,Mortgages,Mortgages, Fixed   5 years ,,Offline,25,Fixed,2.39%,4.0%,216000,20%,New Purchase,Primary Residence,Principal + Interest,5,
05-23-2018,UK,London,Virgin Money Plc.,GBP,Bank,Mortgages,Mortgages, Tracker   2 years ,,Offline,25,Variable,2.44%,4.4%,216000,20%,New Purchase,Primary Residence,Principal + Interest,2,
05-23-2018,UK,London,Virgin Money Plc.,GBP,Bank,Mortgages,Mortgages, Fixed   5 years ,,Offline,25,Fixed,2.49%,4.1%,216000,20%,New Purchase,Primary Residence,Principal + Interest,5,
05-23-2018,UK,London,Virgin Money Plc.,GBP,Bank,Mortgages,Mortgages, Fixed   5 years ,,Offline,25,Fixed,2.50%,4.1%,216000,20%,New Purchase,Primary Residence,Principal + Interest,5,
05-23-2018,UK,London,Virgin Money Plc.,GBP,Bank,Mortgages,Mortgages, Tracker   2 years ,,Offline,25,Variable,3.69%,4.6%,216000,20%,New Purchase,Primary Residence,Principal + Interest,2,
05-23-2018,UK,London,Virgin Money Plc.,GBP,Bank,Mortgages,Mortgages, Tracker   2 years ,,Offline,25,Variable,1.74%,4.4%,360000,20%,New Purchase,Primary Residence,Principal + Interest,2,
05-23-2018,UK,London,Virgin Money Plc.,GBP,Bank,Mortgages,Mortgages, Fixed   2 years ,,Offline,25,Fixed,1.81%,4.4%,360000,20%,New Purchase,Primary Residence,Principal + Interest,2,
05-23-2018,UK,London,Virgin Money Plc.,GBP,Bank,Mortgages,Mortgages, Fixed   2 years ,,Offline,25,Fixed,1.89%,4.4%,360000,20%,New Purchase,Primary Residence,Principal + Interest,2,
05-23-2018,UK,London,Virgin Money Plc.,GBP,Bank,Mortgages,Mortgages, Fixed   3 years ,,Offline,25,Fixed,1.99%,4.2%,360000,20%,New Purchase,Primary Residence,Principal + Interest,3,
05-23-2018,UK,London,Virgin Money Plc.,GBP,Bank,Mortgages,Mortgages, Tracker   2 years ,,Offline,25,Variable,1.99%,4.4%,360000,20%,New Purchase,Primary Residence,Principal + Interest,2,
05-23-2018,UK,London,Virgin Money Plc.,GBP,Bank,Mortgages,Mortgages, Fixed   2 years ,,Offline,25,Fixed,2.11%,4.4%,360000,20%,New Purchase,Primary Residence,Principal + Interest,2,
05-23-2018,UK,London,Virgin Money Plc.,GBP,Bank,Mortgages,Mortgages, Fixed   3 years ,,Offline,25,Fixed,2.18%,4.3%,360000,20%,New Purchase,Primary Residence,Principal + Interest,3,
05-23-2018,UK,London,Virgin Money Plc.,GBP,Bank,Mortgages,Mortgages, Fixed   3 years ,,Offline,25,Fixed,2.29%,4.3%,360000,20%,New Purchase,Primary Residence,Principal + Interest,3,
05-23-2018,UK,London,Virgin Money Plc.,GBP,Bank,Mortgages,Mortgages, Fixed   5 years ,,Offline,25,Fixed,2.39%,4.0%,360000,20%,New Purchase,Primary Residence,Principal + Interest,5,
05-23-2018,UK,London,Virgin Money Plc.,GBP,Bank,Mortgages,Mortgages, Tracker   2 years ,,Offline,25,Variable,2.44%,4.4%,360000,20%,New Purchase,Primary Residence,Principal + Interest,2,
05-23-2018,UK,London,Virgin Money Plc.,GBP,Bank,Mortgages,Mortgages, Fixed   5 years ,,Offline,25,Fixed,2.49%,4.1%,360000,20%,New Purchase,Primary Residence,Principal + Interest,5,
05-23-2018,UK,London,Virgin Money Plc.,GBP,Bank,Mortgages,Mortgages, Fixed   5 years ,,Offline,25,Fixed,2.50%,4.1%,360000,20%,New Purchase,Primary Residence,Principal + Interest,5,
05-23-2018,UK,London,Virgin Money Plc.,GBP,Bank,Mortgages,Mortgages, Tracker   2 years ,,Offline,25,Variable,3.69%,4.6%,360000,20%,New Purchase,Primary Residence,Principal + Interest,2,
05-23-2018,UK,London,Virgin Money Plc.,GBP,Bank,Mortgages,Mortgages, Tracker   2 years ,,Offline,30,Variable,1.74%,4.4%,72000,20%,New Purchase,Primary Residence,Principal + Interest,2,
05-23-2018,UK,London,Virgin Money Plc.,GBP,Bank,Mortgages,Mortgages, Fixed   2 years ,,Offline,30,Fixed,1.81%,4.4%,72000,20%,New Purchase,Primary Residence,Principal + Interest,2,
05-23-2018,UK,London,Virgin Money Plc.,GBP,Bank,Mortgages,Mortgages, Fixed   2 years ,,Offline,30,Fixed,1.89%,4.4%,72000,20%,New Purchase,Primary Residence,Principal + Interest,2,
05-23-2018,UK,London,Virgin Money Plc.,GBP,Bank,Mortgages,Mortgages, Fixed   3 years ,,Offline,30,Fixed,1.99%,4.2%,72000,20%,New Purchase,Primary Residence,Principal + Interest,3,
05-23-2018,UK,London,Virgin Money Plc.,GBP,Bank,Mortgages,Mortgages, Tracker   2 years ,,Offline,30,Variable,1.99%,4.4%,72000,20%,New Purchase,Primary Residence,Principal + Interest,2,
05-23-2018,UK,London,Virgin Money Plc.,GBP,Bank,Mortgages,Mortgages, Fixed   2 years ,,Offline,30,Fixed,2.11%,4.4%,72000,20%,New Purchase,Primary Residence,Principal + Interest,2,
05-23-2018,UK,London,Virgin Money Plc.,GBP,Bank,Mortgages,Mortgages, Fixed   3 years ,,Offline,30,Fixed,2.18%,4.3%,72000,20%,New Purchase,Primary Residence,Principal + Interest,3,
05-23-2018,UK,London,Virgin Money Plc.,GBP,Bank,Mortgages,Mortgages, Fixed   3 years ,,Offline,30,Fixed,2.29%,4.3%,72000,20%,New Purchase,Primary Residence,Principal + Interest,3,
05-23-2018,UK,London,Virgin Money Plc.,GBP,Bank,Mortgages,Mortgages, Fixed   5 years ,,Offline,30,Fixed,2.39%,4.0%,72000,20%,New Purchase,Primary Residence,Principal + Interest,5,
05-23-2018,UK,London,Virgin Money Plc.,GBP,Bank,Mortgages,Mortgages, Tracker   2 years ,,Offline,30,Variable,2.44%,4.4%,72000,20%,New Purchase,Primary Residence,Principal + Interest,2,
05-23-2018,UK,London,Virgin Money Plc.,GBP,Bank,Mortgages,Mortgages, Fixed   5 years ,,Offline,30,Fixed,2.49%,4.1%,72000,20%,New Purchase,Primary Residence,Principal + Interest,5,
05-23-2018,UK,London,Virgin Money Plc.,GBP,Bank,Mortgages,Mortgages, Fixed   5 years ,,Offline,30,Fixed,2.50%,4.1%,72000,20%,New Purchase,Primary Residence,Principal + Interest,5,
05-23-2018,UK,London,Virgin Money Plc.,GBP,Bank,Mortgages,Mortgages, Tracker   2 years ,,Offline,30,Variable,3.69%,4.6%,72000,20%,New Purchase,Primary Residence,Principal + Interest,2,
05-23-2018,UK,London,Virgin Money Plc.,GBP,Bank,Mortgages,Mortgages, Tracker   2 years ,,Offline,30,Variable,1.74%,4.4%,216000,20%,New Purchase,Primary Residence,Principal + Interest,2,
05-23-2018,UK,London,Virgin Money Plc.,GBP,Bank,Mortgages,Mortgages, Fixed   2 years ,,Offline,30,Fixed,1.81%,4.4%,216000,20%,New Purchase,Primary Residence,Principal + Interest,2,
05-23-2018,UK,London,Virgin Money Plc.,GBP,Bank,Mortgages,Mortgages, Fixed   2 years ,,Offline,30,Fixed,1.89%,4.4%,216000,20%,New Purchase,Primary Residence,Principal + Interest,2,
05-23-2018,UK,London,Virgin Money Plc.,GBP,Bank,Mortgages,Mortgages, Fixed   3 years ,,Offline,30,Fixed,1.99%,4.2%,216000,20%,New Purchase,Primary Residence,Principal + Interest,3,
05-23-2018,UK,London,Virgin Money Plc.,GBP,Bank,Mortgages,Mortgages, Tracker   2 years ,,Offline,30,Variable,1.99%,4.4%,216000,20%,New Purchase,Primary Residence,Principal + Interest,2,
05-23-2018,UK,London,Virgin Money Plc.,GBP,Bank,Mortgages,Mortgages, Fixed   2 years ,,Offline,30,Fixed,2.11%,4.4%,216000,20%,New Purchase,Primary Residence,Principal + Interest,2,
05-23-2018,UK,London,Virgin Money Plc.,GBP,Bank,Mortgages,Mortgages, Fixed   3 years ,,Offline,30,Fixed,2.18%,4.3%,216000,20%,New Purchase,Primary Residence,Principal + Interest,3,
05-23-2018,UK,London,Virgin Money Plc.,GBP,Bank,Mortgages,Mortgages, Fixed   3 years ,,Offline,30,Fixed,2.29%,4.3%,216000,20%,New Purchase,Primary Residence,Principal + Interest,3,
05-23-2018,UK,London,Virgin Money Plc.,GBP,Bank,Mortgages,Mortgages, Fixed   5 years ,,Offline,30,Fixed,2.39%,4.0%,216000,20%,New Purchase,Primary Residence,Principal + Interest,5,
05-23-2018,UK,London,Virgin Money Plc.,GBP,Bank,Mortgages,Mortgages, Tracker   2 years ,,Offline,30,Variable,2.44%,4.4%,216000,20%,New Purchase,Primary Residence,Principal + Interest,2,
05-23-2018,UK,London,Virgin Money Plc.,GBP,Bank,Mortgages,Mortgages, Fixed   5 years ,,Offline,30,Fixed,2.49%,4.1%,216000,20%,New Purchase,Primary Residence,Principal + Interest,5,
05-23-2018,UK,London,Virgin Money Plc.,GBP,Bank,Mortgages,Mortgages, Fixed   5 years ,,Offline,30,Fixed,2.50%,4.1%,216000,20%,New Purchase,Primary Residence,Principal + Interest,5,
05-23-2018,UK,London,Virgin Money Plc.,GBP,Bank,Mortgages,Mortgages, Tracker   2 years ,,Offline,30,Variable,3.69%,4.6%,216000,20%,New Purchase,Primary Residence,Principal + Interest,2,
05-23-2018,UK,London,Virgin Money Plc.,GBP,Bank,Mortgages,Mortgages, Tracker   2 years ,,Offline,30,Variable,1.74%,4.4%,360000,20%,New Purchase,Primary Residence,Principal + Interest,2,
05-23-2018,UK,London,Virgin Money Plc.,GBP,Bank,Mortgages,Mortgages, Fixed   2 years ,,Offline,30,Fixed,1.81%,4.4%,360000,20%,New Purchase,Primary Residence,Principal + Interest,2,
05-23-2018,UK,London,Virgin Money Plc.,GBP,Bank,Mortgages,Mortgages, Fixed   2 years ,,Offline,30,Fixed,1.89%,4.4%,360000,20%,New Purchase,Primary Residence,Principal + Interest,2,
05-23-2018,UK,London,Virgin Money Plc.,GBP,Bank,Mortgages,Mortgages, Fixed   3 years ,,Offline,30,Fixed,1.99%,4.2%,360000,20%,New Purchase,Primary Residence,Principal + Interest,3,
05-23-2018,UK,London,Virgin Money Plc.,GBP,Bank,Mortgages,Mortgages, Tracker   2 years ,,Offline,30,Variable,1.99%,4.4%,360000,20%,New Purchase,Primary Residence,Principal + Interest,2,
05-23-2018,UK,London,Virgin Money Plc.,GBP,Bank,Mortgages,Mortgages, Fixed   2 years ,,Offline,30,Fixed,2.11%,4.4%,360000,20%,New Purchase,Primary Residence,Principal + Interest,2,
05-23-2018,UK,London,Virgin Money Plc.,GBP,Bank,Mortgages,Mortgages, Fixed   3 years ,,Offline,30,Fixed,2.18%,4.3%,360000,20%,New Purchase,Primary Residence,Principal + Interest,3,
05-23-2018,UK,London,Virgin Money Plc.,GBP,Bank,Mortgages,Mortgages, Fixed   3 years ,,Offline,30,Fixed,2.29%,4.3%,360000,20%,New Purchase,Primary Residence,Principal + Interest,3,
05-23-2018,UK,London,Virgin Money Plc.,GBP,Bank,Mortgages,Mortgages, Fixed   5 years ,,Offline,30,Fixed,2.39%,4.0%,360000,20%,New Purchase,Primary Residence,Principal + Interest,5,
05-23-2018,UK,London,Virgin Money Plc.,GBP,Bank,Mortgages,Mortgages, Tracker   2 years ,,Offline,30,Variable,2.44%,4.4%,360000,20%,New Purchase,Primary Residence,Principal + Interest,2,
05-23-2018,UK,London,Virgin Money Plc.,GBP,Bank,Mortgages,Mortgages, Fixed   5 years ,,Offline,30,Fixed,2.49%,4.1%,360000,20%,New Purchase,Primary Residence,Principal + Interest,5,
05-23-2018,UK,London,Virgin Money Plc.,GBP,Bank,Mortgages,Mortgages, Fixed   5 years ,,Offline,30,Fixed,2.50%,4.1%,360000,20%,New Purchase,Primary Residence,Principal + Interest,5,
05-23-2018,UK,London,Virgin Money Plc.,GBP,Bank,Mortgages,Mortgages, Tracker   2 years ,,Offline,30,Variable,3.69%,4.6%,360000,20%,New Purchase,Primary Residence,Principal + Interest,2,
