Date,Bank_Native_Country,State,Bank_Name,Bank_Local_Currency,Bank_Type,Bank_Product,Bank_Product_Type,Bank_Product_Name,Min_Loan_Amount,Bank_Offer_Feature,Term (Y),Interest_Type,Interest,APRC,Mortgage_Loan_Amt,Mortgage_Down_Payment,Mortgage_Category,Mortgage_Reason,Mortgage_Pymt_Mode,Fixed_Rate_Term,Bank_Product_Code
 05-30-2018,UK,London,HSBC,GBP,Bank,Mortgages,Mortgages,2 Year Term Tracker Standard,,Offline,10,Variable,1.39%,3.3%,72000,20%,New Purchase,Primary Residence,Principal + Interest,2,
 05-30-2018,UK,London,HSBC,GBP,Bank,Mortgages,Mortgages,2 Year Fixed Standard,,Offline,10,Variable,1.54%,3.3%,72000,20%,New Purchase,Primary Residence,Principal + Interest,2,
 05-30-2018,UK,London,HSBC,GBP,Bank,Mortgages,Mortgages,3 Year Fixed Standard,,Offline,10,Variable,1.89%,3.1%,72000,20%,New Purchase,Primary Residence,Principal + Interest,3,
 05-30-2018,UK,London,HSBC,GBP,Bank,Mortgages,Mortgages,2 Year Fixed Fee Saver,,Offline,10,Variable,1.94%,3.2%,72000,20%,New Purchase,Primary Residence,Principal + Interest,2,
 05-30-2018,UK,London,HSBC,GBP,Bank,Mortgages,Mortgages,5 Year Fixed Standard,,Offline,10,Variable,2.04%,2.8%,72000,20%,New Purchase,Primary Residence,Principal + Interest,5,
 05-30-2018,UK,London,HSBC,GBP,Bank,Mortgages,Mortgages,3 Year Fixed Fee Saver,,Offline,10,Variable,2.09%,3.0%,72000,20%,New Purchase,Primary Residence,Principal + Interest,3,
 05-30-2018,UK,London,HSBC,GBP,Bank,Mortgages,Mortgages,5 Year Fixed Fee Saver,,Offline,10,Variable,2.29%,2.7%,72000,20%,New Purchase,Primary Residence,Principal + Interest,5,
 05-30-2018,UK,London,HSBC,GBP,Bank,Mortgages,Mortgages,2 Year Term Tracker Standard,,Offline,15,Variable,1.39%,3.5%,72000,20%,New Purchase,Primary Residence,Principal + Interest,2,
 05-30-2018,UK,London,HSBC,GBP,Bank,Mortgages,Mortgages,2 Year Fixed Standard,,Offline,15,Variable,1.54%,3.5%,72000,20%,New Purchase,Primary Residence,Principal + Interest,2,
 05-30-2018,UK,London,HSBC,GBP,Bank,Mortgages,Mortgages,3 Year Fixed Standard,,Offline,15,Variable,1.89%,3.4%,72000,20%,New Purchase,Primary Residence,Principal + Interest,3,
 05-30-2018,UK,London,HSBC,GBP,Bank,Mortgages,Mortgages,2 Year Fixed Fee Saver,,Offline,15,Variable,1.94%,3.4%,72000,20%,New Purchase,Primary Residence,Principal + Interest,2,
 05-30-2018,UK,London,HSBC,GBP,Bank,Mortgages,Mortgages,5 Year Fixed Standard,,Offline,15,Variable,2.04%,3.1%,72000,20%,New Purchase,Primary Residence,Principal + Interest,5,
 05-30-2018,UK,London,HSBC,GBP,Bank,Mortgages,Mortgages,3 Year Fixed Fee Saver,,Offline,15,Variable,2.09%,3.2%,72000,20%,New Purchase,Primary Residence,Principal + Interest,3,
 05-30-2018,UK,London,HSBC,GBP,Bank,Mortgages,Mortgages,5 Year Fixed Fee Saver,,Offline,15,Variable,2.29%,3.0%,72000,20%,New Purchase,Primary Residence,Principal + Interest,5,
 05-30-2018,UK,London,HSBC,GBP,Bank,Mortgages,Mortgages,10 Year Fixed Fee Saver,,Offline,15,Variable,2.99%,3.1%,72000,20%,New Purchase,Primary Residence,Principal + Interest,10,
 05-30-2018,UK,London,HSBC,GBP,Bank,Mortgages,Mortgages,2 Year Term Tracker Standard,,Offline,25,Variable,1.39%,3.7%,72000,20%,New Purchase,Primary Residence,Principal + Interest,2,
 05-30-2018,UK,London,HSBC,GBP,Bank,Mortgages,Mortgages,2 Year Fixed Standard,,Offline,25,Variable,1.54%,3.7%,72000,20%,New Purchase,Primary Residence,Principal + Interest,2,
 05-30-2018,UK,London,HSBC,GBP,Bank,Mortgages,Mortgages,3 Year Fixed Standard,,Offline,25,Variable,1.89%,3.6%,72000,20%,New Purchase,Primary Residence,Principal + Interest,3,
 05-30-2018,UK,London,HSBC,GBP,Bank,Mortgages,Mortgages,2 Year Fixed Fee Saver,,Offline,25,Variable,1.94%,3.6%,72000,20%,New Purchase,Primary Residence,Principal + Interest,2,
 05-30-2018,UK,London,HSBC,GBP,Bank,Mortgages,Mortgages,5 Year Fixed Standard,,Offline,25,Variable,2.04%,3.3%,72000,20%,New Purchase,Primary Residence,Principal + Interest,5,
 05-30-2018,UK,London,HSBC,GBP,Bank,Mortgages,Mortgages,3 Year Fixed Fee Saver,,Offline,25,Variable,2.09%,3.5%,72000,20%,New Purchase,Primary Residence,Principal + Interest,3,
 05-30-2018,UK,London,HSBC,GBP,Bank,Mortgages,Mortgages,5 Year Fixed Fee Saver,,Offline,25,Variable,2.29%,3.3%,72000,20%,New Purchase,Primary Residence,Principal + Interest,5,
 05-30-2018,UK,London,HSBC,GBP,Bank,Mortgages,Mortgages,10 Year Fixed Fee Saver,,Offline,25,Variable,2.99%,3.3%,72000,20%,New Purchase,Primary Residence,Principal + Interest,10,
 05-30-2018,UK,London,HSBC,GBP,Bank,Mortgages,Mortgages,2 Year Term Tracker Standard,,Offline,30,Variable,1.39%,3.7%,72000,20%,New Purchase,Primary Residence,Principal + Interest,2,
 05-30-2018,UK,London,HSBC,GBP,Bank,Mortgages,Mortgages,2 Year Fixed Standard,,Offline,30,Variable,1.54%,3.7%,72000,20%,New Purchase,Primary Residence,Principal + Interest,2,
 05-30-2018,UK,London,HSBC,GBP,Bank,Mortgages,Mortgages,3 Year Fixed Standard,,Offline,30,Variable,1.89%,3.6%,72000,20%,New Purchase,Primary Residence,Principal + Interest,3,
 05-30-2018,UK,London,HSBC,GBP,Bank,Mortgages,Mortgages,2 Year Fixed Fee Saver,,Offline,30,Variable,1.94%,3.7%,72000,20%,New Purchase,Primary Residence,Principal + Interest,2,
 05-30-2018,UK,London,HSBC,GBP,Bank,Mortgages,Mortgages,5 Year Fixed Standard,,Offline,30,Variable,2.04%,3.4%,72000,20%,New Purchase,Primary Residence,Principal + Interest,5,
 05-30-2018,UK,London,HSBC,GBP,Bank,Mortgages,Mortgages,3 Year Fixed Fee Saver,,Offline,30,Variable,2.09%,3.6%,72000,20%,New Purchase,Primary Residence,Principal + Interest,3,
 05-30-2018,UK,London,HSBC,GBP,Bank,Mortgages,Mortgages,5 Year Fixed Fee Saver,,Offline,30,Variable,2.29%,3.4%,72000,20%,New Purchase,Primary Residence,Principal + Interest,5,
 05-30-2018,UK,London,HSBC,GBP,Bank,Mortgages,Mortgages,10 Year Fixed Fee Saver,,Offline,30,Variable,2.99%,3.4%,72000,20%,New Purchase,Primary Residence,Principal + Interest,10,
 05-30-2018,UK,London,HSBC,GBP,Bank,Mortgages,Mortgages,2 Year Term Tracker Standard,,Offline,10,Variable,1.39%,3.1%,216000,20%,New Purchase,Primary Residence,Principal + Interest,2,
 05-30-2018,UK,London,HSBC,GBP,Bank,Mortgages,Mortgages,2 Year Fixed Standard,,Offline,10,Variable,1.54%,3.1%,216000,20%,New Purchase,Primary Residence,Principal + Interest,2,
 05-30-2018,UK,London,HSBC,GBP,Bank,Mortgages,Mortgages,3 Year Fixed Standard,,Offline,10,Variable,1.89%,2.9%,216000,20%,New Purchase,Primary Residence,Principal + Interest,3,
 05-30-2018,UK,London,HSBC,GBP,Bank,Mortgages,Mortgages,2 Year Fixed Fee Saver,,Offline,10,Variable,1.94%,3.2%,216000,20%,New Purchase,Primary Residence,Principal + Interest,2,
 05-30-2018,UK,London,HSBC,GBP,Bank,Mortgages,Mortgages,5 Year Fixed Standard,,Offline,10,Variable,2.04%,2.6%,216000,20%,New Purchase,Primary Residence,Principal + Interest,5,
 05-30-2018,UK,London,HSBC,GBP,Bank,Mortgages,Mortgages,3 Year Fixed Fee Saver,,Offline,10,Variable,2.09%,3.0%,216000,20%,New Purchase,Primary Residence,Principal + Interest,3,
 05-30-2018,UK,London,HSBC,GBP,Bank,Mortgages,Mortgages,5 Year Fixed Fee Saver,,Offline,10,Variable,2.29%,2.7%,216000,20%,New Purchase,Primary Residence,Principal + Interest,5,
 05-30-2018,UK,London,HSBC,GBP,Bank,Mortgages,Mortgages,2 Year Term Tracker Standard,,Offline,15,Variable,1.39%,3.4%,216000,20%,New Purchase,Primary Residence,Principal + Interest,2,
 05-30-2018,UK,London,HSBC,GBP,Bank,Mortgages,Mortgages,2 Year Fixed Standard,,Offline,15,Variable,1.54%,3.4%,216000,20%,New Purchase,Primary Residence,Principal + Interest,2,
 05-30-2018,UK,London,HSBC,GBP,Bank,Mortgages,Mortgages,3 Year Fixed Standard,,Offline,15,Variable,1.89%,3.2%,216000,20%,New Purchase,Primary Residence,Principal + Interest,3,
 05-30-2018,UK,London,HSBC,GBP,Bank,Mortgages,Mortgages,2 Year Fixed Fee Saver,,Offline,15,Variable,1.94%,3.4%,216000,20%,New Purchase,Primary Residence,Principal + Interest,2,
 05-30-2018,UK,London,HSBC,GBP,Bank,Mortgages,Mortgages,5 Year Fixed Standard,,Offline,15,Variable,2.04%,2.9%,216000,20%,New Purchase,Primary Residence,Principal + Interest,5,
 05-30-2018,UK,London,HSBC,GBP,Bank,Mortgages,Mortgages,3 Year Fixed Fee Saver,,Offline,15,Variable,2.09%,3.2%,216000,20%,New Purchase,Primary Residence,Principal + Interest,3,
 05-30-2018,UK,London,HSBC,GBP,Bank,Mortgages,Mortgages,5 Year Fixed Fee Saver,,Offline,15,Variable,2.29%,3.0%,216000,20%,New Purchase,Primary Residence,Principal + Interest,5,
 05-30-2018,UK,London,HSBC,GBP,Bank,Mortgages,Mortgages,10 Year Fixed Fee Saver,,Offline,15,Variable,2.99%,3.1%,216000,20%,New Purchase,Primary Residence,Principal + Interest,10,
 05-30-2018,UK,London,HSBC,GBP,Bank,Mortgages,Mortgages,2 Year Term Tracker Standard,,Offline,25,Variable,1.39%,3.6%,216000,20%,New Purchase,Primary Residence,Principal + Interest,2,
 05-30-2018,UK,London,HSBC,GBP,Bank,Mortgages,Mortgages,2 Year Fixed Standard,,Offline,25,Variable,1.54%,3.6%,216000,20%,New Purchase,Primary Residence,Principal + Interest,2,
 05-30-2018,UK,London,HSBC,GBP,Bank,Mortgages,Mortgages,3 Year Fixed Standard,,Offline,25,Variable,1.89%,3.5%,216000,20%,New Purchase,Primary Residence,Principal + Interest,3,
 05-30-2018,UK,London,HSBC,GBP,Bank,Mortgages,Mortgages,2 Year Fixed Fee Saver,,Offline,25,Variable,1.94%,3.6%,216000,20%,New Purchase,Primary Residence,Principal + Interest,2,
 05-30-2018,UK,London,HSBC,GBP,Bank,Mortgages,Mortgages,5 Year Fixed Standard,,Offline,25,Variable,2.04%,3.3%,216000,20%,New Purchase,Primary Residence,Principal + Interest,5,
 05-30-2018,UK,London,HSBC,GBP,Bank,Mortgages,Mortgages,3 Year Fixed Fee Saver,,Offline,25,Variable,2.09%,3.5%,216000,20%,New Purchase,Primary Residence,Principal + Interest,3,
 05-30-2018,UK,London,HSBC,GBP,Bank,Mortgages,Mortgages,5 Year Fixed Fee Saver,,Offline,25,Variable,2.29%,3.3%,216000,20%,New Purchase,Primary Residence,Principal + Interest,5,
 05-30-2018,UK,London,HSBC,GBP,Bank,Mortgages,Mortgages,10 Year Fixed Fee Saver,,Offline,25,Variable,2.99%,3.3%,216000,20%,New Purchase,Primary Residence,Principal + Interest,10,
 05-30-2018,UK,London,HSBC,GBP,Bank,Mortgages,Mortgages,2 Year Term Tracker Standard,,Offline,30,Variable,1.39%,3.7%,216000,20%,New Purchase,Primary Residence,Principal + Interest,2,
 05-30-2018,UK,London,HSBC,GBP,Bank,Mortgages,Mortgages,2 Year Fixed Standard,,Offline,30,Variable,1.54%,3.6%,216000,20%,New Purchase,Primary Residence,Principal + Interest,2,
 05-30-2018,UK,London,HSBC,GBP,Bank,Mortgages,Mortgages,3 Year Fixed Standard,,Offline,30,Variable,1.89%,3.5%,216000,20%,New Purchase,Primary Residence,Principal + Interest,3,
 05-30-2018,UK,London,HSBC,GBP,Bank,Mortgages,Mortgages,2 Year Fixed Fee Saver,,Offline,30,Variable,1.94%,3.7%,216000,20%,New Purchase,Primary Residence,Principal + Interest,2,
 05-30-2018,UK,London,HSBC,GBP,Bank,Mortgages,Mortgages,5 Year Fixed Standard,,Offline,30,Variable,2.04%,3.3%,216000,20%,New Purchase,Primary Residence,Principal + Interest,5,
 05-30-2018,UK,London,HSBC,GBP,Bank,Mortgages,Mortgages,3 Year Fixed Fee Saver,,Offline,30,Variable,2.09%,3.6%,216000,20%,New Purchase,Primary Residence,Principal + Interest,3,
 05-30-2018,UK,London,HSBC,GBP,Bank,Mortgages,Mortgages,5 Year Fixed Fee Saver,,Offline,30,Variable,2.29%,3.4%,216000,20%,New Purchase,Primary Residence,Principal + Interest,5,
 05-30-2018,UK,London,HSBC,GBP,Bank,Mortgages,Mortgages,10 Year Fixed Fee Saver,,Offline,30,Variable,2.99%,3.4%,216000,20%,New Purchase,Primary Residence,Principal + Interest,10,
 05-30-2018,UK,London,HSBC,GBP,Bank,Mortgages,Mortgages,2 Year Term Tracker Standard,,Offline,10,Variable,1.39%,3.1%,360000,20%,New Purchase,Primary Residence,Principal + Interest,2,
 05-30-2018,UK,London,HSBC,GBP,Bank,Mortgages,Mortgages,2 Year Fixed Standard,,Offline,10,Variable,1.54%,3.1%,360000,20%,New Purchase,Primary Residence,Principal + Interest,2,
 05-30-2018,UK,London,HSBC,GBP,Bank,Mortgages,Mortgages,3 Year Fixed Standard,,Offline,10,Variable,1.89%,2.9%,360000,20%,New Purchase,Primary Residence,Principal + Interest,3,
 05-30-2018,UK,London,HSBC,GBP,Bank,Mortgages,Mortgages,2 Year Fixed Fee Saver,,Offline,10,Variable,1.94%,3.2%,360000,20%,New Purchase,Primary Residence,Principal + Interest,2,
 05-30-2018,UK,London,HSBC,GBP,Bank,Mortgages,Mortgages,5 Year Fixed Standard,,Offline,10,Variable,2.04%,2.5%,360000,20%,New Purchase,Primary Residence,Principal + Interest,5,
 05-30-2018,UK,London,HSBC,GBP,Bank,Mortgages,Mortgages,3 Year Fixed Fee Saver,,Offline,10,Variable,2.09%,3.0%,360000,20%,New Purchase,Primary Residence,Principal + Interest,3,
 05-30-2018,UK,London,HSBC,GBP,Bank,Mortgages,Mortgages,5 Year Fixed Fee Saver,,Offline,10,Variable,2.29%,2.7%,360000,20%,New Purchase,Primary Residence,Principal + Interest,5,
 05-30-2018,UK,London,HSBC,GBP,Bank,Mortgages,Mortgages,2 Year Term Tracker Standard,,Offline,15,Variable,1.39%,3.4%,360000,20%,New Purchase,Primary Residence,Principal + Interest,2,
 05-30-2018,UK,London,HSBC,GBP,Bank,Mortgages,Mortgages,2 Year Fixed Standard,,Offline,15,Variable,1.54%,3.3%,360000,20%,New Purchase,Primary Residence,Principal + Interest,2,
 05-30-2018,UK,London,HSBC,GBP,Bank,Mortgages,Mortgages,3 Year Fixed Standard,,Offline,15,Variable,1.89%,3.2%,360000,20%,New Purchase,Primary Residence,Principal + Interest,3,
 05-30-2018,UK,London,HSBC,GBP,Bank,Mortgages,Mortgages,2 Year Fixed Fee Saver,,Offline,15,Variable,1.94%,3.4%,360000,20%,New Purchase,Primary Residence,Principal + Interest,2,
 05-30-2018,UK,London,HSBC,GBP,Bank,Mortgages,Mortgages,5 Year Fixed Standard,,Offline,15,Variable,2.04%,2.9%,360000,20%,New Purchase,Primary Residence,Principal + Interest,5,
 05-30-2018,UK,London,HSBC,GBP,Bank,Mortgages,Mortgages,3 Year Fixed Fee Saver,,Offline,15,Variable,2.09%,3.2%,360000,20%,New Purchase,Primary Residence,Principal + Interest,3,
 05-30-2018,UK,London,HSBC,GBP,Bank,Mortgages,Mortgages,5 Year Fixed Fee Saver,,Offline,15,Variable,2.29%,3.0%,360000,20%,New Purchase,Primary Residence,Principal + Interest,5,
 05-30-2018,UK,London,HSBC,GBP,Bank,Mortgages,Mortgages,10 Year Fixed Fee Saver,,Offline,15,Variable,2.99%,3.1%,360000,20%,New Purchase,Primary Residence,Principal + Interest,10,
 05-30-2018,UK,London,HSBC,GBP,Bank,Mortgages,Mortgages,2 Year Term Tracker Standard,,Offline,25,Variable,1.39%,3.6%,360000,20%,New Purchase,Primary Residence,Principal + Interest,2,
 05-30-2018,UK,London,HSBC,GBP,Bank,Mortgages,Mortgages,2 Year Fixed Standard,,Offline,25,Variable,1.54%,3.6%,360000,20%,New Purchase,Primary Residence,Principal + Interest,2,
 05-30-2018,UK,London,HSBC,GBP,Bank,Mortgages,Mortgages,3 Year Fixed Standard,,Offline,25,Variable,1.89%,3.5%,360000,20%,New Purchase,Primary Residence,Principal + Interest,3,
 05-30-2018,UK,London,HSBC,GBP,Bank,Mortgages,Mortgages,2 Year Fixed Fee Saver,,Offline,25,Variable,1.94%,3.6%,360000,20%,New Purchase,Primary Residence,Principal + Interest,2,
 05-30-2018,UK,London,HSBC,GBP,Bank,Mortgages,Mortgages,5 Year Fixed Standard,,Offline,25,Variable,2.04%,3.2%,360000,20%,New Purchase,Primary Residence,Principal + Interest,5,
 05-30-2018,UK,London,HSBC,GBP,Bank,Mortgages,Mortgages,3 Year Fixed Fee Saver,,Offline,25,Variable,2.09%,3.5%,360000,20%,New Purchase,Primary Residence,Principal + Interest,3,
 05-30-2018,UK,London,HSBC,GBP,Bank,Mortgages,Mortgages,5 Year Fixed Fee Saver,,Offline,25,Variable,2.29%,3.3%,360000,20%,New Purchase,Primary Residence,Principal + Interest,5,
 05-30-2018,UK,London,HSBC,GBP,Bank,Mortgages,Mortgages,10 Year Fixed Fee Saver,,Offline,25,Variable,2.99%,3.3%,360000,20%,New Purchase,Primary Residence,Principal + Interest,10,
 05-30-2018,UK,London,HSBC,GBP,Bank,Mortgages,Mortgages,2 Year Term Tracker Standard,,Offline,30,Variable,1.39%,3.6%,360000,20%,New Purchase,Primary Residence,Principal + Interest,2,
 05-30-2018,UK,London,HSBC,GBP,Bank,Mortgages,Mortgages,2 Year Fixed Standard,,Offline,30,Variable,1.54%,3.6%,360000,20%,New Purchase,Primary Residence,Principal + Interest,2,
 05-30-2018,UK,London,HSBC,GBP,Bank,Mortgages,Mortgages,3 Year Fixed Standard,,Offline,30,Variable,1.89%,3.5%,360000,20%,New Purchase,Primary Residence,Principal + Interest,3,
 05-30-2018,UK,London,HSBC,GBP,Bank,Mortgages,Mortgages,2 Year Fixed Fee Saver,,Offline,30,Variable,1.94%,3.7%,360000,20%,New Purchase,Primary Residence,Principal + Interest,2,
 05-30-2018,UK,London,HSBC,GBP,Bank,Mortgages,Mortgages,5 Year Fixed Standard,,Offline,30,Variable,2.04%,3.3%,360000,20%,New Purchase,Primary Residence,Principal + Interest,5,
 05-30-2018,UK,London,HSBC,GBP,Bank,Mortgages,Mortgages,3 Year Fixed Fee Saver,,Offline,30,Variable,2.09%,3.6%,360000,20%,New Purchase,Primary Residence,Principal + Interest,3,
 05-30-2018,UK,London,HSBC,GBP,Bank,Mortgages,Mortgages,5 Year Fixed Fee Saver,,Offline,30,Variable,2.29%,3.4%,360000,20%,New Purchase,Primary Residence,Principal + Interest,5,
 05-30-2018,UK,London,HSBC,GBP,Bank,Mortgages,Mortgages,10 Year Fixed Fee Saver,,Offline,30,Variable,2.99%,3.4%,360000,20%,New Purchase,Primary Residence,Principal + Interest,10,
