Date,Bank_Native_Country,State,Bank_Name,Bank_Local_Currency,Bank_Type,Bank_Product,Bank_Product_Type,Bank_Product_Name,Balance,Bank_Offer_Feature,Term in Months,Interest_Type,Interest,AER,Bank_Product_Code
05-23-2018,UK,London,TSB,GBP,Bank,Deposits,Savings,ISAs_Cash ISA Saver,1,Online,,Fixed,0.50%,0.50%,
05-23-2018,UK,London,TSB,GBP,Bank,Deposits,Term Deposits,ISAs_2 Year Fixed Rate Cash ISA,1,Online,24.0,Fixed,1.00%,1.00%,
05-23-2018,UK,London,TSB,GBP,Bank,Deposits,Savings,instant access savings accounts_eSavings,1,Online,,Fixed,0.45%,0.45%,
05-23-2018,UK,London,TSB,GBP,Bank,Deposits,Savings,instant access savings accounts_Easy Saver,1,Online,,Fixed,0.40%,0.40%,
05-23-2018,UK,London,TSB,GBP,Bank,Deposits,Savings,fixed term savings_Fixed Bond,2000,Online,,Fixed,0.80%,0.80%,
05-23-2018,UK,London,TSB,GBP,Bank,Deposits,Current,Classic Plus account,1500,Online,,Fixed,4.89%,5%,
