Date,Bank_Native_Country,State,Bank_Name,Bank_Local_Currency,Bank_Type,Bank_Product,Bank_Product_Type,Bank_Product_Name,Balance,Bank_Offer_Feature,Term in Months,Interest_Type,Interest,AER,Bank_Product_Code
05-30-2018,UK,London,Lloyds Bank,GBP,Bank,Deposits,Savings,Club Lloyds Saver,"1,500+",Offline,,Variable,0.35%,0.35%,
05-30-2018,UK,London,Lloyds Bank,GBP,Bank,Deposits,Savings,Club Lloyds Saver,"1-1,500",Offline,,Variable,0.20%,0.20%,
05-30-2018,UK,London,Lloyds Bank,GBP,Bank,Deposits,Savings,2 Year Fixed Rate Cash ISA,"3,000",Offline,24.0,Variable,0.50%,0.50%,
05-30-2018,UK,London,Lloyds Bank,GBP,Bank,Deposits,Savings,Easy Saver,1,Offline,,Variable,0.20%,0.20%,
05-30-2018,UK,London,Lloyds Bank,GBP,Bank,Deposits,Term Deposits,Fixed Bond,"2,000",Offline,,Variable,0.50%,0.50%,
05-30-2018,UK,London,Lloyds Bank,GBP,Bank,Deposits,Term Deposits,Online Fixed Bond,"2,000",Offline,,Variable,0.50%,0.50%,
