Date,Bank_Native_Country,State,Bank_Name,Bank_Local_Currency,Bank_Type,Bank_Product,Bank_Product_Type,Bank_Product_Name,Balance,Bank_Offer_Feature,Term in Months,Interest_Type,Interest,AER,Bank_Product_Code
05-30-2018,UK,London,NatWest,GBP,Bank,Deposits,Savings,Cash ISA,"10,000",Offline,,Variable,,0.10%,
05-30-2018,UK,London,NatWest,GBP,Bank,Deposits,Savings,Cash ISA,"10,000 - 24,999",Offline,,Variable,,0.25%,
05-30-2018,UK,London,NatWest,GBP,Bank,Deposits,Savings,Cash ISA,"25,000 - 49,999",Offline,,Variable,,0.50%,
05-30-2018,UK,London,NatWest,GBP,Bank,Deposits,Savings,Cash ISA,"50,000",Offline,,Variable,,0.75%,
05-30-2018,UK,London,NatWest,GBP,Bank,Deposits,Term Deposits,Fixed Rate ISA,"1,000 - 24,999",Offline,12.0,Fixed,,1.00%,
05-30-2018,UK,London,NatWest,GBP,Bank,Deposits,Term Deposits,Fixed Rate ISA,"above 25,000",Offline,12.0,Fixed,,1.10%,
05-30-2018,UK,London,NatWest,GBP,Bank,Deposits,Term Deposits,Fixed Rate ISA,"1,000 - 24,999",Offline,24.0,Fixed,,1.15%,
05-30-2018,UK,London,NatWest,GBP,Bank,Deposits,Term Deposits,Fixed Rate ISA,"above 25,000",Offline,24.0,Fixed,,1.25%,
05-30-2018,UK,London,NatWest,GBP,Bank,Deposits,Term Deposits,1 Year Fixed Rate,"500 - 49,999",Offline,12.0,Fixed,,0.90%,
05-30-2018,UK,London,NatWest,GBP,Bank,Deposits,Term Deposits,1 Year Fixed Rate,"50,000 - 2,000,000",Offline,12.0,Fixed,,0.95%,
05-30-2018,UK,London,NatWest,GBP,Bank,Deposits,Term Deposits,2 Year Fixed Rate,"500 - 49,999",Offline,24.0,Fixed,1.00%,1.00%,
05-30-2018,UK,London,NatWest,GBP,Bank,Deposits,Term Deposits,2 Year Fixed Rate,"50,000 - 2,000,000",Offline,24.0,Fixed,1.05%,1.06%,
