Date,Bank_Native_Country,State,Bank_Name,Bank_Local_Currency,Bank_Type,Bank_Product,Bank_Product_Type,Bank_Product_Name,Balance,Bank_Offer_Feature,Term in Months,Interest_Type,Interest,AER,Bank_Product_Code
05-23-2018,UK,London,Halifax,GBP,Bank,Deposits,Savings,ISA Saver Variable,1,Offline,12 ,Variable,0.35%,0.35%,
05-23-2018,UK,London,Halifax,GBP,Bank,Deposits,Savings,Everyday Saver,1,Offline,12 ,Variable,0.20%,0.20%,
05-23-2018,UK,London,Halifax,GBP,Bank,Deposits,Term Deposits,ISA Saver Fixed,500,Offline,24,Fixed,0.70%,0.70%,
05-23-2018,UK,London,Halifax,GBP,Bank,Deposits,Term Deposits,Fixed Saver,500,Offline,24,Fixed,0.55%,0.55%,
05-23-2018,UK,London,Halifax,GBP,Bank,Deposits,Term Deposits,Regular Saver,25 to 250,Offline,,Fixed,2.50%,2.50%,
05-23-2018,UK,London,Halifax,GBP,Bank,Deposits,Savings,ISA Saver Fixed,500,Offline,24,Fixed,0.70%,0.70%,
05-23-2018,UK,London,Halifax,GBP,Bank,Deposits,Savings,ISA Saver Variable,1,Offline,12 ,Variable,0.35%,0.35%,
