Date,Bank_Native_Country,State,Bank_Name,Bank_Local_Currency,Bank_Type,Bank_Product,Bank_Product_Type,Bank_Product_name,Min_Loan_Amount,Bank_Offer_Feature,Term (Y),Interest_Type,Interest,APRC,Mortgage_Loan_Amt,Mortgage_Down_Payment,Mortgage_Category,Mortgage_Reason,Mortgage_Pymt_Mode,Fixed_Rate_Term,Bank_Product_Code
 2018-05-30,UK,London,Santander Bank,GBP,Bank,Mortgages,Mortgages,2 year tracker (variable) With Fee,,Offline,10,Variable,1.84%,3.5%,72000,15%,New Purchase,Primary Residence,Principal + Interest,,
 2018-05-30,UK,London,Santander Bank,GBP,Bank,Mortgages,Mortgages,2 year fixed rate With Fee,,Offline,10,Variable,1.94%,3.5%,72000,15%,New Purchase,Primary Residence,Principal + Interest,2,
 2018-05-30,UK,London,Santander Bank,GBP,Bank,Mortgages,Mortgages,2 year fixed rate,,Offline,10,Variable,2.14%,3.5%,72000,15%,New Purchase,Primary Residence,Principal + Interest,2,
 2018-05-30,UK,London,Santander Bank,GBP,Bank,Mortgages,Mortgages,5 year fixed rate With Fee,,Offline,10,Variable,2.34%,3.3%,72000,15%,New Purchase,Primary Residence,Principal + Interest,5,
 2018-05-30,UK,London,Santander Bank,GBP,Bank,Mortgages,Mortgages,5 year fixed rate,,Offline,10,Variable,2.59%,3.3%,72000,15%,New Purchase,Primary Residence,Principal + Interest,5,
 2018-05-30,UK,London,Santander Bank,GBP,Bank,Mortgages,Mortgages,2 year tracker (variable) With Fee,,Offline,15,Variable,1.84%,3.5%,72000,15%,New Purchase,Primary Residence,Principal + Interest,,
 2018-05-30,UK,London,Santander Bank,GBP,Bank,Mortgages,Mortgages,2 year fixed rate With Fee,,Offline,15,Variable,1.94%,3.5%,72000,15%,New Purchase,Primary Residence,Principal + Interest,2,
 2018-05-30,UK,London,Santander Bank,GBP,Bank,Mortgages,Mortgages,2 year fixed rate,,Offline,15,Variable,2.14%,3.5%,72000,15%,New Purchase,Primary Residence,Principal + Interest,2,
 2018-05-30,UK,London,Santander Bank,GBP,Bank,Mortgages,Mortgages,5 year fixed rate With Fee,,Offline,15,Variable,2.34%,3.3%,72000,15%,New Purchase,Primary Residence,Principal + Interest,5,
 2018-05-30,UK,London,Santander Bank,GBP,Bank,Mortgages,Mortgages,5 year fixed rate,,Offline,15,Variable,2.59%,3.3%,72000,15%,New Purchase,Primary Residence,Principal + Interest,5,
 2018-05-30,UK,London,Santander Bank,GBP,Bank,Mortgages,Mortgages,2 year tracker (variable) With Fee,,Offline,25,Variable,1.84%,3.5%,72000,15%,New Purchase,Primary Residence,Principal + Interest,,
 2018-05-30,UK,London,Santander Bank,GBP,Bank,Mortgages,Mortgages,2 year fixed rate With Fee,,Offline,25,Variable,1.94%,3.5%,72000,15%,New Purchase,Primary Residence,Principal + Interest,2,
 2018-05-30,UK,London,Santander Bank,GBP,Bank,Mortgages,Mortgages,2 year fixed rate,,Offline,25,Variable,2.14%,3.5%,72000,15%,New Purchase,Primary Residence,Principal + Interest,2,
 2018-05-30,UK,London,Santander Bank,GBP,Bank,Mortgages,Mortgages,5 year fixed rate With Fee,,Offline,25,Variable,2.34%,3.3%,72000,15%,New Purchase,Primary Residence,Principal + Interest,5,
 2018-05-30,UK,London,Santander Bank,GBP,Bank,Mortgages,Mortgages,5 year fixed rate,,Offline,25,Variable,2.59%,3.3%,72000,15%,New Purchase,Primary Residence,Principal + Interest,5,
 2018-05-30,UK,London,Santander Bank,GBP,Bank,Mortgages,Mortgages,2 year tracker (variable) With Fee,,Offline,30,Variable,1.84%,3.5%,72000,15%,New Purchase,Primary Residence,Principal + Interest,,
 2018-05-30,UK,London,Santander Bank,GBP,Bank,Mortgages,Mortgages,2 year fixed rate With Fee,,Offline,30,Variable,1.94%,3.5%,72000,15%,New Purchase,Primary Residence,Principal + Interest,2,
 2018-05-30,UK,London,Santander Bank,GBP,Bank,Mortgages,Mortgages,2 year fixed rate,,Offline,30,Variable,2.14%,3.5%,72000,15%,New Purchase,Primary Residence,Principal + Interest,2,
 2018-05-30,UK,London,Santander Bank,GBP,Bank,Mortgages,Mortgages,5 year fixed rate With Fee,,Offline,30,Variable,2.34%,3.3%,72000,15%,New Purchase,Primary Residence,Principal + Interest,5,
 2018-05-30,UK,London,Santander Bank,GBP,Bank,Mortgages,Mortgages,5 year fixed rate,,Offline,30,Variable,2.59%,3.3%,72000,15%,New Purchase,Primary Residence,Principal + Interest,5,
 2018-05-30,UK,London,Santander Bank,GBP,Bank,Mortgages,Mortgages,2 year tracker (variable) With Fee,,Offline,10,Variable,1.84%,3.5%,216000,15%,New Purchase,Primary Residence,Principal + Interest,,
 2018-05-30,UK,London,Santander Bank,GBP,Bank,Mortgages,Mortgages,2 year fixed rate With Fee,,Offline,10,Variable,1.94%,3.5%,216000,15%,New Purchase,Primary Residence,Principal + Interest,2,
 2018-05-30,UK,London,Santander Bank,GBP,Bank,Mortgages,Mortgages,2 year fixed rate,,Offline,10,Variable,2.14%,3.5%,216000,15%,New Purchase,Primary Residence,Principal + Interest,2,
 2018-05-30,UK,London,Santander Bank,GBP,Bank,Mortgages,Mortgages,5 year fixed rate With Fee,,Offline,10,Variable,2.34%,3.3%,216000,15%,New Purchase,Primary Residence,Principal + Interest,5,
 2018-05-30,UK,London,Santander Bank,GBP,Bank,Mortgages,Mortgages,5 year fixed rate,,Offline,10,Variable,2.59%,3.3%,216000,15%,New Purchase,Primary Residence,Principal + Interest,5,
 2018-05-30,UK,London,Santander Bank,GBP,Bank,Mortgages,Mortgages,2 year tracker (variable) With Fee,,Offline,15,Variable,1.84%,3.5%,216000,15%,New Purchase,Primary Residence,Principal + Interest,,
 2018-05-30,UK,London,Santander Bank,GBP,Bank,Mortgages,Mortgages,2 year fixed rate With Fee,,Offline,15,Variable,1.94%,3.5%,216000,15%,New Purchase,Primary Residence,Principal + Interest,2,
 2018-05-30,UK,London,Santander Bank,GBP,Bank,Mortgages,Mortgages,2 year fixed rate,,Offline,15,Variable,2.14%,3.5%,216000,15%,New Purchase,Primary Residence,Principal + Interest,2,
 2018-05-30,UK,London,Santander Bank,GBP,Bank,Mortgages,Mortgages,5 year fixed rate With Fee,,Offline,15,Variable,2.34%,3.3%,216000,15%,New Purchase,Primary Residence,Principal + Interest,5,
 2018-05-30,UK,London,Santander Bank,GBP,Bank,Mortgages,Mortgages,5 year fixed rate,,Offline,15,Variable,2.59%,3.3%,216000,15%,New Purchase,Primary Residence,Principal + Interest,5,
 2018-05-30,UK,London,Santander Bank,GBP,Bank,Mortgages,Mortgages,2 year tracker (variable) With Fee,,Offline,25,Variable,1.84%,3.5%,216000,15%,New Purchase,Primary Residence,Principal + Interest,,
 2018-05-30,UK,London,Santander Bank,GBP,Bank,Mortgages,Mortgages,2 year fixed rate With Fee,,Offline,25,Variable,1.94%,3.5%,216000,15%,New Purchase,Primary Residence,Principal + Interest,2,
 2018-05-30,UK,London,Santander Bank,GBP,Bank,Mortgages,Mortgages,2 year fixed rate,,Offline,25,Variable,2.14%,3.5%,216000,15%,New Purchase,Primary Residence,Principal + Interest,2,
 2018-05-30,UK,London,Santander Bank,GBP,Bank,Mortgages,Mortgages,5 year fixed rate With Fee,,Offline,25,Variable,2.34%,3.3%,216000,15%,New Purchase,Primary Residence,Principal + Interest,5,
 2018-05-30,UK,London,Santander Bank,GBP,Bank,Mortgages,Mortgages,5 year fixed rate,,Offline,25,Variable,2.59%,3.3%,216000,15%,New Purchase,Primary Residence,Principal + Interest,5,
 2018-05-30,UK,London,Santander Bank,GBP,Bank,Mortgages,Mortgages,2 year tracker (variable) With Fee,,Offline,30,Variable,1.84%,3.5%,216000,15%,New Purchase,Primary Residence,Principal + Interest,,
 2018-05-30,UK,London,Santander Bank,GBP,Bank,Mortgages,Mortgages,2 year fixed rate With Fee,,Offline,30,Variable,1.94%,3.5%,216000,15%,New Purchase,Primary Residence,Principal + Interest,2,
 2018-05-30,UK,London,Santander Bank,GBP,Bank,Mortgages,Mortgages,2 year fixed rate,,Offline,30,Variable,2.14%,3.5%,216000,15%,New Purchase,Primary Residence,Principal + Interest,2,
 2018-05-30,UK,London,Santander Bank,GBP,Bank,Mortgages,Mortgages,5 year fixed rate With Fee,,Offline,30,Variable,2.34%,3.3%,216000,15%,New Purchase,Primary Residence,Principal + Interest,5,
 2018-05-30,UK,London,Santander Bank,GBP,Bank,Mortgages,Mortgages,5 year fixed rate,,Offline,30,Variable,2.59%,3.3%,216000,15%,New Purchase,Primary Residence,Principal + Interest,5,
 2018-05-30,UK,London,Santander Bank,GBP,Bank,Mortgages,Mortgages,2 year tracker (variable) With Fee,,Offline,10,Variable,1.84%,3.5%,360000,15%,New Purchase,Primary Residence,Principal + Interest,,
 2018-05-30,UK,London,Santander Bank,GBP,Bank,Mortgages,Mortgages,2 year fixed rate With Fee,,Offline,10,Variable,1.94%,3.5%,360000,15%,New Purchase,Primary Residence,Principal + Interest,2,
 2018-05-30,UK,London,Santander Bank,GBP,Bank,Mortgages,Mortgages,2 year fixed rate,,Offline,10,Variable,2.14%,3.5%,360000,15%,New Purchase,Primary Residence,Principal + Interest,2,
 2018-05-30,UK,London,Santander Bank,GBP,Bank,Mortgages,Mortgages,5 year fixed rate With Fee,,Offline,10,Variable,2.34%,3.3%,360000,15%,New Purchase,Primary Residence,Principal + Interest,5,
 2018-05-30,UK,London,Santander Bank,GBP,Bank,Mortgages,Mortgages,5 year fixed rate,,Offline,10,Variable,2.59%,3.3%,360000,15%,New Purchase,Primary Residence,Principal + Interest,5,
 2018-05-30,UK,London,Santander Bank,GBP,Bank,Mortgages,Mortgages,2 year tracker (variable) With Fee,,Offline,15,Variable,1.84%,3.5%,360000,15%,New Purchase,Primary Residence,Principal + Interest,,
 2018-05-30,UK,London,Santander Bank,GBP,Bank,Mortgages,Mortgages,2 year fixed rate With Fee,,Offline,15,Variable,1.94%,3.5%,360000,15%,New Purchase,Primary Residence,Principal + Interest,2,
 2018-05-30,UK,London,Santander Bank,GBP,Bank,Mortgages,Mortgages,2 year fixed rate,,Offline,15,Variable,2.14%,3.5%,360000,15%,New Purchase,Primary Residence,Principal + Interest,2,
 2018-05-30,UK,London,Santander Bank,GBP,Bank,Mortgages,Mortgages,5 year fixed rate With Fee,,Offline,15,Variable,2.34%,3.3%,360000,15%,New Purchase,Primary Residence,Principal + Interest,5,
 2018-05-30,UK,London,Santander Bank,GBP,Bank,Mortgages,Mortgages,5 year fixed rate,,Offline,15,Variable,2.59%,3.3%,360000,15%,New Purchase,Primary Residence,Principal + Interest,5,
 2018-05-30,UK,London,Santander Bank,GBP,Bank,Mortgages,Mortgages,2 year tracker (variable) With Fee,,Offline,25,Variable,1.84%,3.5%,360000,15%,New Purchase,Primary Residence,Principal + Interest,,
 2018-05-30,UK,London,Santander Bank,GBP,Bank,Mortgages,Mortgages,2 year fixed rate With Fee,,Offline,25,Variable,1.94%,3.5%,360000,15%,New Purchase,Primary Residence,Principal + Interest,2,
 2018-05-30,UK,London,Santander Bank,GBP,Bank,Mortgages,Mortgages,2 year fixed rate,,Offline,25,Variable,2.14%,3.5%,360000,15%,New Purchase,Primary Residence,Principal + Interest,2,
 2018-05-30,UK,London,Santander Bank,GBP,Bank,Mortgages,Mortgages,5 year fixed rate With Fee,,Offline,25,Variable,2.34%,3.3%,360000,15%,New Purchase,Primary Residence,Principal + Interest,5,
 2018-05-30,UK,London,Santander Bank,GBP,Bank,Mortgages,Mortgages,5 year fixed rate,,Offline,25,Variable,2.59%,3.3%,360000,15%,New Purchase,Primary Residence,Principal + Interest,5,
 2018-05-30,UK,London,Santander Bank,GBP,Bank,Mortgages,Mortgages,2 year tracker (variable) With Fee,,Offline,30,Variable,1.84%,3.5%,360000,15%,New Purchase,Primary Residence,Principal + Interest,,
 2018-05-30,UK,London,Santander Bank,GBP,Bank,Mortgages,Mortgages,2 year fixed rate With Fee,,Offline,30,Variable,1.94%,3.5%,360000,15%,New Purchase,Primary Residence,Principal + Interest,2,
 2018-05-30,UK,London,Santander Bank,GBP,Bank,Mortgages,Mortgages,2 year fixed rate,,Offline,30,Variable,2.14%,3.5%,360000,15%,New Purchase,Primary Residence,Principal + Interest,2,
 2018-05-30,UK,London,Santander Bank,GBP,Bank,Mortgages,Mortgages,5 year fixed rate With Fee,,Offline,30,Variable,2.34%,3.3%,360000,15%,New Purchase,Primary Residence,Principal + Interest,5,
 2018-05-30,UK,London,Santander Bank,GBP,Bank,Mortgages,Mortgages,5 year fixed rate,,Offline,30,Variable,2.59%,3.3%,360000,15%,New Purchase,Primary Residence,Principal + Interest,5,
