Date,Bank_Native_Country,State,Bank_Name,Bank_Local_Currency,Bank_Type,Bank_Product,Bank_Product_Type,Bank_Product_Name,Balance,Bank_Offer_Feature,Term in Months,Interest_Type,Interest,AER,Bank_Product_Code
05-30-2018,UK,London,Virgin Money Plc.,GBP,Bank,Deposits,Term Deposits,1 Year Fixed Rate Cash E-ISA View account 1 Year Fixed Rate Cash E-ISA Issue 329,"20,000",Online,12.0,Fixed,1.30%,1.30%,
05-30-2018,UK,London,Virgin Money Plc.,GBP,Bank,Deposits,Term Deposits,2 Year Fixed Rate Cash E-ISA View account 2 Year Fixed Rate Cash E-ISA Issue 328,"20,000",Online,24.0,Fixed,1.61%,1.61%,
05-30-2018,UK,London,Virgin Money Plc.,GBP,Bank,Deposits,Savings,Regular E-Saver View account Regular E-Saver Issue 11,250,Online,,Fixed,2.25%,2.25%,
05-30-2018,UK,London,Virgin Money Plc.,GBP,Bank,Deposits,Savings,Saving to Buy View account Saving to Buy Issue 7,"30,000",Online,,Fixed,0.75%,0.75%,
05-30-2018,UK,London,Virgin Money Plc.,GBP,Bank,Deposits,Term Deposits,1 Year Fixed Rate E-Bond View account 1 Year Fixed Rate E-Bond Issue 324,"1,000,000",Online,12.0,Fixed,1.25%,1.25%,
05-30-2018,UK,London,Virgin Money Plc.,GBP,Bank,Deposits,Current,Essential Current Account,"100,000",Offline,,Fixed,0.75%,0.75%,
