Date,Bank_Native_Country,State,Bank_Name,Bank_Local_Currency,Bank_Type,Bank_Product,Bank_Product_Type,Bank_Product_name,Balance,Bank_Offer_Feature,Term in Months,Interest_Type,Interest,AER,Bank_Product_Code
5/23/2018,UK,London,Santander Bank,GBP,Bank,Deposits,Savings,Regular eSaver,,Online,,Variable,3.00%,3.00%,
5/23/2018,UK,London,Santander Bank,GBP,Bank,Deposits,Savings,eSaver,,Online,,Variable,0.15%,0.15%,
5/23/2018,UK,London,Santander Bank,GBP,Bank,Deposits,Savings,Everyday Saver,,Online,,Variable,0.25%,0.25%,
5/23/2018,UK,London,Santander Bank,GBP,Bank,Deposits,Savings,2 Year Fixed Rate ISA,500,Online,24,Variable,0.55%,0.55%,
5/23/2018,UK,London,Santander Bank,GBP,Bank,Deposits,Savings,eISA,1 (500 min opening balance),Online,,Variable,0.35%,0.35%,
5/23/2018,UK,London,Santander Bank,GBP,Bank,Deposits,Savings,Easy ISA,"40,000 - above",Online,,Variable,0.50%,0.50%,
5/23/2018,UK,London,Santander Bank,GBP,Bank,Deposits,Savings,Easy ISA,1 - 39999,Online,,Variable,0.10%,0.10%,
5/23/2018,UK,London,Santander Bank,GBP,Bank,Deposits,Term Deposits,1 Year Fixed Rate Bond,500,Offline,12,Fixed,0.50%,0.50%,
5/23/2018,UK,London,Santander Bank,GBP,Bank,Deposits,Term Deposits,2 Year Fixed Rate Bond,500,Offline,24,Fixed,0.55%,0.55%,
5/23/2018,UK,London,Santander Bank,GBP,Bank,Deposits,Current,1|2|3 Current Account,"20,000",Offline,,Variable,1.49%,1.50%,
5/23/2018,UK,London,Santander Bank,GBP,Bank,Deposits,Current,Select Current Account," 20,000 ",Offline,,Variable,1.49%,1.50%,
