Date,Bank_Native_Country,State,Bank_Name,Ticker,Bank_Local_Currency,Bank_Type,Bank_Product,Bank_Product_Type,Bank_Product_Code,Bank_Product_Name,Minm_Balance,Maxm_Balance,Bank_Offer_Feature,Term_in_Months,Interest_Type,Interest,AER,Source
 2018-05-30,UK,London,Virgin Money Plc.,VM,GBP,Bank,Deposits,Savings,_MSBF,Easy Access Saver Issue 31,1,250000,Online,,Fixed,1.01%,1.01%,comparethemarket.com
 2018-05-30,UK,London,Virgin Money Plc.,VM,GBP,Bank,Deposits,Savings,_MSBF,Saving to Buy Issue 7,1,30000,Online,,Fixed,0.75%,0.75%,comparethemarket.com
 2018-05-30,UK,London,TSB,Private,GBP,Bank,Deposits,Savings,_MSBF,eSavings,1,,Online,,Fixed,0.45%,0.45%,comparethemarket.com
 2018-05-30,UK,London,Metro Bank,MTRO,GBP,Bank,Deposits,Savings,_MSBF,Instant Access Savings Account,1,,Online,,Fixed,0.40%,0.40%,comparethemarket.com
 2018-05-30,UK,London,TSB,Private,GBP,Bank,Deposits,Savings,_MSBF,Easy Saver,1,,Online,,Fixed,0.40%,0.40%,comparethemarket.com
 2018-05-30,UK,London,The Co-operative Bank,Private,GBP,Bank,Deposits,Savings,_MSBF,Smart Saver,1,1000000,Online,,Fixed,0.34%,0.34%,comparethemarket.com
 2018-05-30,UK,London,Santander Bank,Private,GBP,Bank,Deposits,Savings,_MSBF,Everyday Saver,1,2000000,Online,,Fixed,0.25%,0.25%,comparethemarket.com
 2018-05-30,UK,London,Santander Bank,Private,GBP,Bank,Deposits,Savings,_MSBF,eSaver for 1|2|3  Issue 15,1,2000000,Online,,Fixed,0.25%,0.25%,comparethemarket.com
 2018-05-30,UK,London,Bank of Scotland,Private,GBP,Bank,Deposits,Savings,_MSBF,Access Saver ,1,,Online,,Fixed,0.20%,0.20%,comparethemarket.com
 2018-05-30,UK,London,Barclays,BARC,GBP,Bank,Deposits,Savings,_MSBF,Everyday Saver,1,,Online,,Fixed,0.20%,0.20%,comparethemarket.com
 2018-05-30,UK,London,Halifax,Private,GBP,Bank,Deposits,Savings,_MSBF,Everyday Saver ,1,,Online,,Fixed,0.20%,0.20%,comparethemarket.com
 2018-05-30,UK,London,Lloyds Bank,LLOY,GBP,Bank,Deposits,Savings,_MSBF,Club Lloyds Saver,1,,Online,,Fixed,0.20%,0.20%,comparethemarket.com
 2018-05-30,UK,London,Santander Bank,Private,GBP,Bank,Deposits,Savings,_MSBF,eSaver Issue 15,1,2000000,Online,,Fixed,0.15%,0.15%,comparethemarket.com
 2018-05-30,UK,London,Bank of Ireland,BIRG,GBP,Bank,Deposits,Savings,_MSBF,Classic Saver,1,,Online,,Fixed,0.10%,0.10%,comparethemarket.com
 2018-05-30,UK,London,Clydesdale Bank,CYBG,GBP,Bank,Deposits,Savings,_MSBF,Instant Savings Account ,1,,Online,,Fixed,0.10%,0.10%,comparethemarket.com
 2018-05-30,UK,London,Clydesdale Bank,CYBG,GBP,Bank,Deposits,Savings,_MSBF,Savings Account Plus,1,,Online,,Fixed,0.10%,0.10%,comparethemarket.com
 2018-05-30,UK,London,Clydesdale Bank,CYBG,GBP,Bank,Deposits,Savings,_MSBF,Signature Savings Account,1,,Online,,Fixed,0.10%,0.10%,comparethemarket.com
 2018-05-30,UK,London,HSBC,HSBA,GBP,Bank,Deposits,Savings,_MSBF,Premier Savings,1,,Online,,Fixed,0.10%,0.10%,comparethemarket.com
 2018-05-30,UK,London,NatWest,NWBD,GBP,Bank,Deposits,Savings,_MSBF,Instant Saver Account,1,,Online,,Fixed,0.10%,0.10%,comparethemarket.com
 2018-05-30,UK,London,NatWest,NWBD,GBP,Bank,Deposits,Savings,_MSBF,Premium Saver Account,1,,Online,,Fixed,0.10%,0.10%,comparethemarket.com
 2018-05-30,UK,London,Royal Bank Of Scotland,RBS,GBP,Bank,Deposits,Savings,_MSBF,Instant Saver Account,1,,Online,,Fixed,0.10%,0.10%,comparethemarket.com
 2018-05-30,UK,London,HSBC,HSBA,GBP,Bank,Deposits,Savings,_MSBF,Flexible Saver - Standard Rate,1,,Online,,Fixed,0.05%,0.05%,comparethemarket.com
 2018-05-30,UK,London,Virgin Money Plc.,VM,GBP,Bank,Deposits,Savings,60MSBF,5 Year Fixed Rate Cash E-ISA Issue 330,1,2000000,Online,60.0,Fixed,2.05%,2.05%,comparethemarket.com
 2018-05-30,UK,London,Metro Bank,MTRO,GBP,Bank,Deposits,Savings,60MSBF,5 Year Fixed Rate Cash ISA -Issue 5,1,,Online,60.0,Fixed,1.75%,1.75%,comparethemarket.com
 2018-05-30,UK,London,Virgin Money Plc.,VM,GBP,Bank,Deposits,Savings,36MSBF,3 Year Fixed Rate Cash ISA Issue 360,1,2000000,Offline,36.0,Fixed,1.66%,1.66%,comparethemarket.com
 2018-05-30,UK,London,Virgin Money Plc.,VM,GBP,Bank,Deposits,Savings,24MSBF,2 Year Fixed Rate Cash E-ISA Issue 328,1,2000000,Online,24.0,Fixed,1.61%,1.61%,comparethemarket.com
 2018-05-30,UK,London,Clydesdale Bank,CYBG,GBP,Bank,Deposits,Savings,_MSBF,Cash ISA - Fixed Rate Bond (Issue 45),2000,,Offline,,Fixed,1.60%,1.60%,comparethemarket.com
 2018-05-30,UK,London,Metro Bank,MTRO,GBP,Bank,Deposits,Savings,36MSBF,3 Year Fixed Rate Cash ISA -Issue 5,1,,Online,36.0,Fixed,1.50%,1.50%,comparethemarket.com
 2018-05-30,UK,London,Barclays,BARC,GBP,Bank,Deposits,Savings,24MSBF,2 Year Premier Flexible Cash ISA - Issue 4,1,1000000,Online,24.0,Fixed,1.40%,1.40%,comparethemarket.com
 2018-05-30,UK,London,Metro Bank,MTRO,GBP,Bank,Deposits,Savings,24MSBF,2 Year Fixed Rate Cash ISA - Issue 7,1,,Online,24.0,Fixed,1.40%,1.40%,comparethemarket.com
 2018-05-30,UK,London,Clydesdale Bank,CYBG,GBP,Bank,Deposits,Savings,_MSBF,Cash ISA - Fixed Rate Bond (Issue 44),2000,20000,Offline,,Fixed,1.30%,1.30%,comparethemarket.com
 2018-05-30,UK,London,Virgin Money Plc.,VM,GBP,Bank,Deposits,Savings,12MSBF,1 Year Fixed Rate Cash E-ISA Issue 329,1,2000000,Online,12.0,Fixed,1.30%,1.30%,comparethemarket.com
 2018-05-30,UK,London,Virgin Money Plc.,VM,GBP,Bank,Deposits,Savings,12MSBF,1 Year Fixed Rate Cash ISA Issue 364,1,2000000,Offline,12.0,Fixed,1.30%,1.30%,comparethemarket.com
 2018-05-30,UK,London,Barclays,BARC,GBP,Bank,Deposits,Savings,24MSBF,2 Year Flexible Cash ISA - Issue 17,1,1000000,Online,24.0,Fixed,1.25%,1.25%,comparethemarket.com
 2018-05-30,UK,London,Metro Bank,MTRO,GBP,Bank,Deposits,Savings,12MSBF,1 Year Fixed Rate Cash ISA -Issue 13,1,,Online,12.0,Fixed,1.25%,1.25%,comparethemarket.com
 2018-05-30,UK,London,NatWest,NWBD,GBP,Bank,Deposits,Savings,_MSBF,Fixed Rate ISA Issue 199,1000,,Offline,,Fixed,1.15%,1.15%,comparethemarket.com
 2018-05-30,UK,London,Royal Bank Of Scotland,RBS,GBP,Bank,Deposits,Savings,_MSBF,Fixed Rate ISA Issue 199,1000,,Offline,,Fixed,1.15%,1.15%,comparethemarket.com
 2018-05-30,UK,London,Virgin Money Plc.,VM,GBP,Bank,Deposits,Savings,_MSBF,Easy Access Cash ISA Issue 24 (Flexible ISA),1,2000000,Online,,Fixed,1.01%,1.01%,comparethemarket.com
 2018-05-30,UK,London,Virgin Money Plc.,VM,GBP,Bank,Deposits,Savings,_MSBF,Easy Access Cash E-ISA Issue 24 (Flexible ISA),1,2000000,Online,,Fixed,1.01%,1.01%,comparethemarket.com
 2018-05-30,UK,London,NatWest,NWBD,GBP,Bank,Deposits,Savings,_MSBF,Fixed Rate ISA Issue 198,1000,,Offline,,Fixed,1.00%,1.00%,comparethemarket.com
 2018-05-30,UK,London,Royal Bank Of Scotland,RBS,GBP,Bank,Deposits,Savings,_MSBF,Fixed Rate ISA Issue 198,1000,,Offline,,Fixed,1.00%,1.00%,comparethemarket.com
 2018-05-30,UK,London,TSB,Private,GBP,Bank,Deposits,Savings,24MSBF,2 Year Fixed Rate Cash ISA,1,,Online,24.0,Fixed,1.00%,1.00%,comparethemarket.com
 2018-05-30,UK,London,Santander Bank,Private,GBP,Bank,Deposits,Savings,24MSBF,2 Year Fixed Rate ISA (123),500,,Offline,24.0,Fixed,0.80%,0.80%,comparethemarket.com
 2018-05-30,UK,London,HSBC,HSBA,GBP,Bank,Deposits,Savings,_MSBF,Loyalty Cash ISA - Premier Customer,1,,Online,,Fixed,0.75%,0.75%,comparethemarket.com
 2018-05-30,UK,London,Metro Bank,MTRO,GBP,Bank,Deposits,Savings,_MSBF,Instant Access Cash ISA,1,,Online,,Fixed,0.75%,0.75%,comparethemarket.com
 2018-05-30,UK,London,Halifax,Private,GBP,Bank,Deposits,Savings,24MSBF,ISA Saver Fixed - 2 Year ,1,,Online,24.0,Fixed,0.70%,0.70%,comparethemarket.com
 2018-05-30,UK,London,HSBC,HSBA,GBP,Bank,Deposits,Savings,_MSBF,Loyalty Cash ISA - Advance Customer,1,,Online,,Fixed,0.65%,0.65%,comparethemarket.com
 2018-05-30,UK,London,Santander Bank,Private,GBP,Bank,Deposits,Savings,_MSBF,eISA 123 Customer,1,,Online,,Fixed,0.60%,0.60%,comparethemarket.com
 2018-05-30,UK,London,The Co-operative Bank,Private,GBP,Bank,Deposits,Savings,_MSBF,Online Cash ISA,1,1000000,Online,,Fixed,0.56%,0.56%,comparethemarket.com
 2018-05-30,UK,London,Barclays,BARC,GBP,Bank,Deposits,Savings,_MSBF,Instant Cash ISA - Issue 1,1,,Online,,Fixed,0.55%,0.55%,comparethemarket.com
 2018-05-30,UK,London,HSBC,HSBA,GBP,Bank,Deposits,Savings,_MSBF,Loyalty Cash ISA - Current Account Customer,1,,Online,,Fixed,0.55%,0.55%,comparethemarket.com
 2018-05-30,UK,London,Santander Bank,Private,GBP,Bank,Deposits,Savings,24MSBF,2 Year Fixed Rate ISA ,500,,Offline,24.0,Fixed,0.55%,0.55%,comparethemarket.com
 2018-05-30,UK,London,Bank of Scotland,Private,GBP,Bank,Deposits,Savings,24MSBF,Fixed Cash ISA - 2 Year,500,,Online,24.0,Fixed,0.50%,0.50%,comparethemarket.com
 2018-05-30,UK,London,Lloyds Bank,LLOY,GBP,Bank,Deposits,Savings,24MSBF,Fixed Rate Cash ISA - 2 years,1,,Online,24.0,Fixed,0.50%,0.50%,comparethemarket.com
 2018-05-30,UK,London,TSB,Private,GBP,Bank,Deposits,Savings,_MSBF,Cash ISA Saver,1,,Online,,Fixed,0.50%,0.50%,comparethemarket.com
 2018-05-30,UK,London,The Co-operative Bank,Private,GBP,Bank,Deposits,Savings,_MSBF,Cash ISA,1,1000000,Online,,Fixed,0.46%,0.46%,comparethemarket.com
 2018-05-30,UK,London,Clydesdale Bank,CYBG,GBP,Bank,Deposits,Savings,_MSBF,Flexi Cash ISA,1,,Online,,Fixed,0.40%,0.40%,comparethemarket.com
 2018-05-30,UK,London,Bank of Scotland,Private,GBP,Bank,Deposits,Savings,_MSBF,Access Cash ISA,1,,Online,,Fixed,0.35%,0.35%,comparethemarket.com
 2018-05-30,UK,London,Halifax,Private,GBP,Bank,Deposits,Savings,_MSBF,ISA Saver Variable,1,,Online,,Fixed,0.35%,0.35%,comparethemarket.com
 2018-05-30,UK,London,Lloyds Bank,LLOY,GBP,Bank,Deposits,Savings,_MSBF,Cash ISA Saver,1,,Online,,Fixed,0.35%,0.35%,comparethemarket.com
 2018-05-30,UK,London,Santander Bank,Private,GBP,Bank,Deposits,Savings,_MSBF,eISA Issue 4,1,,Online,,Fixed,0.35%,0.35%,comparethemarket.com
 2018-05-30,UK,London,Royal Bank Of Scotland,RBS,GBP,Bank,Deposits,Savings,_MSBF,Instant Access ISA,1,,Online,,Fixed,0.25%,0.25%,comparethemarket.com
 2018-05-30,UK,London,NatWest,NWBD,GBP,Bank,Deposits,Savings,_MSBF,Cash ISA,1,,Online,,Fixed,0.10%,0.10%,comparethemarket.com
 2018-05-30,UK,London,Santander Bank,Private,GBP,Bank,Deposits,Savings,_MSBF,Easy ISA,1,,Online,,Fixed,0.10%,0.10%,comparethemarket.com
 2018-05-30,UK,London,Barclays,BARC,GBP,Bank,Deposits,Term Deposits,36MCDF,3 Year Premier Flexible Bond - Issue 14,1,1000000,Online,36.0,Fixed,2.02%,2.02%,comparethemarket.com
 2018-05-30,UK,London,Metro Bank,MTRO,GBP,Bank,Deposits,Term Deposits,36MCDF,Fixed Term Savings 3 Years,500,2000000,Online,36.0,Fixed,2.00%,2.00%,comparethemarket.com
 2018-05-30,UK,London,Barclays,BARC,GBP,Bank,Deposits,Term Deposits,36MCDF,3 Year Flexible Bond,1,1000000,Online,36.0,Fixed,1.81%,1.81%,comparethemarket.com
 2018-05-30,UK,London,Clydesdale Bank,CYBG,GBP,Bank,Deposits,Term Deposits,36MCDF,3 Year Term Deposit,2000,5000000,Online,36.0,Fixed,1.75%,1.75%,comparethemarket.com
 2018-05-30,UK,London,Metro Bank,MTRO,GBP,Bank,Deposits,Term Deposits,12MCDF,Fixed Term Savings 1 year,500,2000000,Online,12.0,Fixed,1.65%,1.65%,comparethemarket.com
 2018-05-30,UK,London,Clydesdale Bank,CYBG,GBP,Bank,Deposits,Term Deposits,24MCDF,2 Year Term Deposit,2000,5000000,Online,24.0,Fixed,1.60%,1.60%,comparethemarket.com
 2018-05-30,UK,London,Virgin Money Plc.,VM,GBP,Bank,Deposits,Term Deposits,36MCDF,3 Year Fixed Rate Bond Issue 368,1,1000000,Offline,36.0,Fixed,1.50%,1.50%,comparethemarket.com
 2018-05-30,UK,London,Virgin Money Plc.,VM,GBP,Bank,Deposits,Term Deposits,36MCDF,3 Year Fixed Rate E-Bond Issue 325,1,1000000,Online,36.0,Fixed,1.50%,1.50%,comparethemarket.com
 2018-05-30,UK,London,Clydesdale Bank,CYBG,GBP,Bank,Deposits,Term Deposits,12MCDF,12 Month Term Deposit,2000,5000000,Online,12.0,Fixed,1.30%,1.30%,comparethemarket.com
 2018-05-30,UK,London,Virgin Money Plc.,VM,GBP,Bank,Deposits,Term Deposits,12MCDF,1 Year Fixed Rate Bond Issue 367,1,1000000,Offline,12.0,Fixed,1.25%,1.25%,comparethemarket.com
 2018-05-30,UK,London,Virgin Money Plc.,VM,GBP,Bank,Deposits,Term Deposits,12MCDF,1 Year Fixed Rate E-Bond Issue 324,1,1000000,Online,12.0,Fixed,1.25%,1.25%,comparethemarket.com
 2018-05-30,UK,London,Barclays,BARC,GBP,Bank,Deposits,Term Deposits,24MCDF,2 Year Premier Flexible Bond - Issue 13,1,1000000,Online,24.0,Fixed,1.15%,1.15%,comparethemarket.com
 2018-05-30,UK,London,Barclays,BARC,GBP,Bank,Deposits,Term Deposits,24MCDF,2 Year Flexible Bond - Issue 34,1,1000000,Online,24.0,Fixed,1.00%,1.00%,comparethemarket.com
 2018-05-30,UK,London,Metro Bank,MTRO,GBP,Bank,Deposits,Term Deposits,6MCDF,Fixed Term Savings 6 months,500,2000000,Online,6.0,Fixed,1.00%,1.00%,comparethemarket.com
 2018-05-30,UK,London,NatWest,NWBD,GBP,Bank,Deposits,Term Deposits,24MCDF,2 Year Fixed Term Savings Account Issue 095,500,2000000,Online,24.0,Fixed,1.00%,1.00%,comparethemarket.com
 2018-05-30,UK,London,Royal Bank Of Scotland,RBS,GBP,Bank,Deposits,Term Deposits,24MCDF,2 Year Fixed Term Savings Account 095,500,500000,Online,24.0,Fixed,1.00%,1.00%,comparethemarket.com
 2018-05-30,UK,London,Santander Bank,Private,GBP,Bank,Deposits,Term Deposits,36MCDF,3 Year Fixed Rate Bond,500,2000000,Offline,36.0,Fixed,1.00%,1.00%,comparethemarket.com
 2018-05-30,UK,London,Barclays,BARC,GBP,Bank,Deposits,Term Deposits,12MCDF,1 Year Fixed Rate Bond - Issue 91,500,1000000,Online,12.0,Fixed,0.90%,0.90%,comparethemarket.com
 2018-05-30,UK,London,Clydesdale Bank,CYBG,GBP,Bank,Deposits,Term Deposits,6MCDF,6 Month Term Deposit,2000,5000000,Online,6.0,Fixed,0.90%,0.90%,comparethemarket.com
 2018-05-30,UK,London,NatWest,NWBD,GBP,Bank,Deposits,Term Deposits,12MCDF,1 Year Fixed Term Savings Account Issue 094,500,2000000,Online,12.0,Fixed,0.90%,0.90%,comparethemarket.com
 2018-05-30,UK,London,Royal Bank Of Scotland,RBS,GBP,Bank,Deposits,Term Deposits,12MCDF,1 Year Fixed Term Savings Account Issue 094,500,500000,Online,12.0,Fixed,0.90%,0.90%,comparethemarket.com
 2018-05-30,UK,London,Santander Bank,Private,GBP,Bank,Deposits,Term Deposits,12MCDF,1|2|3 2 Year Fixed Rate Bond,500,2000000,Offline,12.0,Fixed,0.80%,0.80%,comparethemarket.com
 2018-05-30,UK,London,TSB,Private,GBP,Bank,Deposits,Term Deposits,24MCDF,2 Year Fixed Bond,1,1000000,Online,24.0,Fixed,0.80%,0.80%,comparethemarket.com
 2018-05-30,UK,London,HSBC,HSBA,GBP,Bank,Deposits,Term Deposits,36MCDF,3 Year Fixed Rate Saver ,2000,1000000,Offline,36.0,Fixed,0.70%,0.70%,comparethemarket.com
 2018-05-30,UK,London,Santander Bank,Private,GBP,Bank,Deposits,Term Deposits,12MCDF,1|2|3 1 Year Fixed Rate Bond,500,2000000,Offline,12.0,Fixed,0.70%,0.70%,comparethemarket.com
 2018-05-30,UK,London,HSBC,HSBA,GBP,Bank,Deposits,Term Deposits,24MCDF,2 Year Fixed Rate Saver,2000,1000000,Offline,24.0,Fixed,0.65%,0.65%,comparethemarket.com
 2018-05-30,UK,London,Halifax,Private,GBP,Bank,Deposits,Term Deposits,24MCDF,Fixed Saver - 2 Year ,500,,Online,24.0,Fixed,0.55%,0.55%,comparethemarket.com
 2018-05-30,UK,London,Santander Bank,Private,GBP,Bank,Deposits,Term Deposits,24MCDF,2 Year Fixed Rate Bond,500,2000000,Offline,24.0,Fixed,0.55%,0.55%,comparethemarket.com
 2018-05-30,UK,London,Bank of Scotland,Private,GBP,Bank,Deposits,Term Deposits,24MCDF,Fixed Rate Bond 2 year,2000,,Online,24.0,Fixed,0.50%,0.50%,comparethemarket.com
 2018-05-30,UK,London,HSBC,HSBA,GBP,Bank,Deposits,Term Deposits,12MCDF,1 Year Fixed Rate Saver,2000,1000000,Offline,12.0,Fixed,0.50%,0.50%,comparethemarket.com
 2018-05-30,UK,London,Lloyds Bank,LLOY,GBP,Bank,Deposits,Term Deposits,24MCDF,Fixed Bond - 2 Year,1,,Offline,24.0,Fixed,0.50%,0.50%,comparethemarket.com
 2018-05-30,UK,London,Lloyds Bank,LLOY,GBP,Bank,Deposits,Term Deposits,24MCDF,Online Fixed Bond - 2 Year,2000,,Online,24.0,Fixed,0.50%,0.50%,comparethemarket.com
 2018-05-30,UK,London,Santander Bank,Private,GBP,Bank,Deposits,Term Deposits,12MCDF,1 Year Fixed Rate Bond,500,2000000,Offline,12.0,Fixed,0.50%,0.50%,comparethemarket.com
 2018-05-30,UK,London,HSBC,HSBA,GBP,Bank,Deposits,Term Deposits,6MCDF,6 Month Fixed Rate Saver ,2000,1000000,Offline,6.0,Fixed,0.40%,0.40%,comparethemarket.com
 2018-05-30,UK,London,Virgin Money Plc.,VM,GBP,Bank,Deposits,Savings,_MSBF,Double Take E-Saver Issue 6,1,250000,Online,,Fixed,1.26%,1.26%,moneysupermarket.com
 2018-05-30,UK,London,Virgin Money Plc.,VM,GBP,Bank,Deposits,Savings,_MSBF,Double Take E-Saver Issue 6,1,250000,Online,,Fixed,1.26%,1.26%,moneysupermarket.com
 2018-05-30,UK,London,Virgin Money Plc.,VM,GBP,Bank,Deposits,Savings,_MSBF,Easy Access Saver Issue 31,1,250000,Offline,,Fixed,1.01%,1.01%,moneysupermarket.com
 2018-05-30,UK,London,Virgin Money Plc.,VM,GBP,Bank,Deposits,Savings,_MSBF,Easy Access Saver Issue 31,1,250000,Offline,,Fixed,1.01%,1.01%,moneysupermarket.com
 2018-05-30,UK,London,Clydesdale Bank,CYBG,GBP,Bank,Deposits,Savings,_MSBF,B Instant Savings,1,,Offline,,Fixed,0.75%,0.75%,moneysupermarket.com
 2018-05-30,UK,London,Virgin Money Plc.,VM,GBP,Bank,Deposits,Savings,_MSBF,Saving to Buy Issue 7,1,30000,Offline,,Fixed,0.75%,0.75%,moneysupermarket.com
 2018-05-30,UK,London,Virgin Money Plc.,VM,GBP,Bank,Deposits,Savings,_MSBF,Saving to Buy Issue 7,1,30000,Offline,,Fixed,0.75%,0.75%,moneysupermarket.com
 2018-05-30,UK,London,Virgin Money Plc.,VM,GBP,Bank,Deposits,Savings,_MSBF,Manchester United Red Devil E-Saver Issue 4,1,30000,Online,,Fixed,0.5%,0.5%,moneysupermarket.com
 2018-05-30,UK,London,Virgin Money Plc.,VM,GBP,Bank,Deposits,Savings,_MSBF,Manchester United Red Devil E-Saver Issue 4,1,30000,Online,,Fixed,0.5%,0.5%,moneysupermarket.com
 2018-05-30,UK,London,Virgin Money Plc.,VM,GBP,Bank,Deposits,Savings,_MSBF,Manchester United Red Devil Saver Issue 4,1,30000,Offline,,Fixed,0.5%,0.5%,moneysupermarket.com
 2018-05-30,UK,London,Virgin Money Plc.,VM,GBP,Bank,Deposits,Savings,_MSBF,Manchester United Red Devil Saver Issue 4,1,30000,Offline,,Fixed,0.5%,0.5%,moneysupermarket.com
 2018-05-30,UK,London,HSBC,HSBA,GBP,Bank,Deposits,Savings,_MSBF,Online Bonus Saver,1,50000,Offline,,Fixed,0.45%,0.45%,moneysupermarket.com
 2018-05-30,UK,London,TSB,Private,GBP,Bank,Deposits,Savings,_MSBF,eSavings,1,9000000,Offline,,Fixed,0.45%,0.45%,moneysupermarket.com
 2018-05-30,UK,London,Metro Bank,MTRO,GBP,Bank,Deposits,Savings,_MSBF,Instant Access Savings Account,1,2000000,Offline,,Fixed,0.4%,0.4%,moneysupermarket.com
 2018-05-30,UK,London,TSB,Private,GBP,Bank,Deposits,Savings,_MSBF,Easy Saver,1,9000000,Offline,,Fixed,0.4%,0.4%,moneysupermarket.com
 2018-05-30,UK,London,Santander Bank,Private,GBP,Bank,Deposits,Savings,_MSBF,123 eSaver (Issue 15),1,2000000,Offline,,Fixed,0.25%,0.25%,moneysupermarket.com
 2018-05-30,UK,London,Santander Bank,Private,GBP,Bank,Deposits,Savings,_MSBF,123 eSaver (Issue 15),1,2000000,Offline,,Fixed,0.25%,0.25%,moneysupermarket.com
 2018-05-30,UK,London,Santander Bank,Private,GBP,Bank,Deposits,Savings,_MSBF,Everyday Saver,1,2000000,Offline,,Fixed,0.25%,0.25%,moneysupermarket.com
 2018-05-30,UK,London,Bank of Scotland,Private,GBP,Bank,Deposits,Savings,_MSBF,Access Saver,1,,Offline,,Fixed,0.2%,0.2%,moneysupermarket.com
 2018-05-30,UK,London,Barclays,BARC,GBP,Bank,Deposits,Savings,_MSBF,Everyday Saver,1,49999,Offline,,Fixed,0.2%,0.2%,moneysupermarket.com
 2018-05-30,UK,London,Halifax,Private,GBP,Bank,Deposits,Savings,_MSBF,Everyday Saver,1,9000000,Offline,,Fixed,0.2%,0.2%,moneysupermarket.com
 2018-05-30,UK,London,Lloyds Bank,LLOY,GBP,Bank,Deposits,Savings,_MSBF,Easy Saver,1,,Offline,,Fixed,0.2%,0.2%,moneysupermarket.com
 2018-05-30,UK,London,Santander Bank,Private,GBP,Bank,Deposits,Savings,_MSBF,eSaver (Issue 15),1,2000000,Offline,,Fixed,0.15%,0.15%,moneysupermarket.com
 2018-05-30,UK,London,Santander Bank,Private,GBP,Bank,Deposits,Savings,_MSBF,eSaver (Issue 15),1,2000000,Offline,,Fixed,0.15%,0.15%,moneysupermarket.com
 2018-05-30,UK,London,Bank of Ireland,BIRG,GBP,Bank,Deposits,Savings,_MSBF,Classic Saver,1,,Offline,,Fixed,0.1%,0.1%,moneysupermarket.com
 2018-05-30,UK,London,Clydesdale Bank,CYBG,GBP,Bank,Deposits,Savings,_MSBF,Instant Savings,1,9999,Offline,,Fixed,0.1%,0.1%,moneysupermarket.com
 2018-05-30,UK,London,Clydesdale Bank,CYBG,GBP,Bank,Deposits,Savings,_MSBF,Savings Account Plus,1,,Offline,,Fixed,0.1%,0.1%,moneysupermarket.com
 2018-05-30,UK,London,Clydesdale Bank,CYBG,GBP,Bank,Deposits,Savings,_MSBF,Signature Savings Account,1,49999,Offline,,Fixed,0.1%,0.1%,moneysupermarket.com
 2018-05-30,UK,London,HSBC,HSBA,GBP,Bank,Deposits,Savings,_MSBF,Online Bonus Saver,1,2000000,Offline,,Fixed,0.1%,0.1%,moneysupermarket.com
 2018-05-30,UK,London,HSBC,HSBA,GBP,Bank,Deposits,Savings,_MSBF,Premier Family Savings,1,,Offline,,Fixed,0.1%,0.1%,moneysupermarket.com
 2018-05-30,UK,London,HSBC,HSBA,GBP,Bank,Deposits,Savings,_MSBF,Premier Savings,1,,Offline,,Fixed,0.1%,0.1%,moneysupermarket.com
 2018-05-30,UK,London,Royal Bank Of Scotland,RBS,GBP,Bank,Deposits,Savings,_MSBF,Instant Access Savings Account,1,49999,Offline,,Fixed,0.1%,0.1%,moneysupermarket.com
 2018-05-30,UK,London,HSBC,HSBA,GBP,Bank,Deposits,Savings,_MSBF,Flexible Saver,1,,Offline,,Fixed,0.05%,0.05%,moneysupermarket.com
 2018-05-30,UK,London,Virgin Money Plc.,VM,GBP,Bank,Deposits,Savings,_MSBF,Double Take Cash E-ISA Issue 1,1,,Online,,Fixed,1.21%,1.21%,moneysupermarket.com
 2018-05-30,UK,London,Virgin Money Plc.,VM,GBP,Bank,Deposits,Savings,_MSBF,Double Take Cash E-ISA Issue 1,1,,Online,,Fixed,1.21%,1.21%,moneysupermarket.com
 2018-05-30,UK,London,HSBC,HSBA,GBP,Bank,Deposits,Savings,_MSBF,Loyalty Cash ISA - Premier customers,1,,Offline,,Fixed,0.75%,0.75%,moneysupermarket.com
 2018-05-30,UK,London,Metro Bank,MTRO,GBP,Bank,Deposits,Savings,_MSBF,Instant Access Cash ISA,1,,Offline,,Fixed,0.75%,0.75%,moneysupermarket.com
 2018-05-30,UK,London,HSBC,HSBA,GBP,Bank,Deposits,Savings,_MSBF,Loyalty Cash ISA - Advance customers,1,,Offline,,Fixed,0.65%,0.65%,moneysupermarket.com
 2018-05-30,UK,London,Santander Bank,Private,GBP,Bank,Deposits,Savings,_MSBF,123 eISA (Issue 4),500,,Offline,,Fixed,0.6%,0.6%,moneysupermarket.com
 2018-05-30,UK,London,Barclays,BARC,GBP,Bank,Deposits,Savings,_MSBF,Instant Cash ISA Issue 1,1,29999,Offline,,Fixed,0.55%,0.55%,moneysupermarket.com
 2018-05-30,UK,London,HSBC,HSBA,GBP,Bank,Deposits,Savings,_MSBF,Loyalty Cash ISA - Current Account customers,1,,Offline,,Fixed,0.55%,0.55%,moneysupermarket.com
 2018-05-30,UK,London,TSB,Private,GBP,Bank,Deposits,Savings,_MSBF,Cash ISA Saver,1,,Offline,,Fixed,0.5%,0.5%,moneysupermarket.com
 2018-05-30,UK,London,Clydesdale Bank,CYBG,GBP,Bank,Deposits,Savings,_MSBF,Flexi Cash ISA,10,14999,Offline,,Fixed,0.4%,0.4%,moneysupermarket.com
 2018-05-30,UK,London,Bank of Scotland,Private,GBP,Bank,Deposits,Savings,_MSBF,Access Cash ISA,1,,Offline,,Fixed,0.35%,0.35%,moneysupermarket.com
 2018-05-30,UK,London,Halifax,Private,GBP,Bank,Deposits,Savings,_MSBF,ISA Saver Variable,1,,Offline,,Fixed,0.35%,0.35%,moneysupermarket.com
 2018-05-30,UK,London,Lloyds Bank,LLOY,GBP,Bank,Deposits,Savings,_MSBF,Cash ISA Saver,1,,Offline,,Fixed,0.35%,0.35%,moneysupermarket.com
 2018-05-30,UK,London,Santander Bank,Private,GBP,Bank,Deposits,Savings,_MSBF,eISA (Issue 4),500,,Offline,,Fixed,0.35%,0.35%,moneysupermarket.com
 2018-05-30,UK,London,Santander Bank,Private,GBP,Bank,Deposits,Savings,_MSBF,Easy ISA,1,39999,Offline,,Fixed,0.1%,0.1%,moneysupermarket.com
 2018-05-30,UK,London,Barclays,BARC,GBP,Bank,Deposits,Term Deposits,36MCDF,3 Year Premier Flexible Bond - Issue 14,1,1000000,Offline,36.0,Fixed,2.02%,2.02%,moneysupermarket.com
 2018-05-30,UK,London,Barclays,BARC,GBP,Bank,Deposits,Term Deposits,36MCDF,3 Year Premier Flexible Bond - Issue 14,1,1000000,Offline,36.0,Fixed,2.02%,2.02%,moneysupermarket.com
 2018-05-30,UK,London,Barclays,BARC,GBP,Bank,Deposits,Term Deposits,36MCDF,3 Year Premier Flexible Bond - Issue 14,1,1000000,Offline,36.0,Fixed,2.02%,2.02%,moneysupermarket.com
 2018-05-30,UK,London,Barclays,BARC,GBP,Bank,Deposits,Term Deposits,36MCDF,3 Year Flexible Bond - Issue 35,1,1000000,Offline,36.0,Fixed,1.81%,1.81%,moneysupermarket.com
 2018-05-30,UK,London,Barclays,BARC,GBP,Bank,Deposits,Term Deposits,36MCDF,3 Year Flexible Bond - Issue 35,1,1000000,Offline,36.0,Fixed,1.81%,1.81%,moneysupermarket.com
 2018-05-30,UK,London,Barclays,BARC,GBP,Bank,Deposits,Term Deposits,36MCDF,3 Year Flexible Bond - Issue 35,1,1000000,Offline,36.0,Fixed,1.81%,1.81%,moneysupermarket.com
 2018-05-30,UK,London,Metro Bank,MTRO,GBP,Bank,Deposits,Term Deposits,36MCDF,Fixed Term Savings Account,500,2000000,Offline,36.0,Fixed,1.6%,1.6%,moneysupermarket.com
 2018-05-30,UK,London,Metro Bank,MTRO,GBP,Bank,Deposits,Term Deposits,36MCDF,Fixed Term Savings Account,500,2000000,Offline,36.0,Fixed,1.6%,1.6%,moneysupermarket.com
 2018-05-30,UK,London,Barclays,BARC,GBP,Bank,Deposits,Term Deposits,24MCDF,2 Year Premier Flexible Bond - Issue 13,1,1000000,Offline,24.0,Fixed,1.16%,1.16%,moneysupermarket.com
 2018-05-30,UK,London,Barclays,BARC,GBP,Bank,Deposits,Term Deposits,24MCDF,2 Year Premier Flexible Bond - Issue 13,1,1000000,Offline,24.0,Fixed,1.15%,1.15%,moneysupermarket.com
 2018-05-30,UK,London,Barclays,BARC,GBP,Bank,Deposits,Term Deposits,24MCDF,2 Year Premier Flexible Bond - Issue 13,1,1000000,Offline,24.0,Fixed,1.15%,1.15%,moneysupermarket.com
 2018-05-30,UK,London,Barclays,BARC,GBP,Bank,Deposits,Term Deposits,24MCDF,2 Year Flexible Bond - Issue 34,1,1000000,Offline,24.0,Fixed,1%,1%,moneysupermarket.com
 2018-05-30,UK,London,Barclays,BARC,GBP,Bank,Deposits,Term Deposits,24MCDF,2 Year Flexible Bond - Issue 34,1,1000000,Offline,24.0,Fixed,1%,1%,moneysupermarket.com
 2018-05-30,UK,London,Barclays,BARC,GBP,Bank,Deposits,Term Deposits,24MCDF,2 Year Flexible Bond - Issue 34,1,1000000,Offline,24.0,Fixed,1%,1%,moneysupermarket.com
 2018-05-30,UK,London,Metro Bank,MTRO,GBP,Bank,Deposits,Term Deposits,6MCDF,Fixed Term Savings Account,500,2000000,Offline,6.0,Fixed,1%,1%,moneysupermarket.com
 2018-05-30,UK,London,Metro Bank,MTRO,GBP,Bank,Deposits,Term Deposits,6MCDF,Fixed Term Savings Account,500,2000000,Offline,6.0,Fixed,1%,1%,moneysupermarket.com
 2018-05-30,UK,London,Barclays,BARC,GBP,Bank,Deposits,Term Deposits,12MCDF,1 Year Fixed Rate Bond Issue 91,500,1000000,Offline,12.0,Fixed,0.9%,0.9%,moneysupermarket.com
 2018-05-30,UK,London,Barclays,BARC,GBP,Bank,Deposits,Term Deposits,12MCDF,1 Year Fixed Rate Bond Issue 91,500,1000000,Offline,12.0,Fixed,0.9%,0.9%,moneysupermarket.com
 2018-05-30,UK,London,Halifax,Private,GBP,Bank,Deposits,Term Deposits,24MCDF,Fixed Saver,500,9000000,Offline,24.0,Fixed,0.55%,0.55%,moneysupermarket.com
 2018-05-30,UK,London,Halifax,Private,GBP,Bank,Deposits,Term Deposits,24MCDF,Fixed Saver,500,9000000,Offline,24.0,Fixed,0.55%,0.55%,moneysupermarket.com
 2018-05-30,UK,London,Santander Bank,Private,GBP,Bank,Deposits,Current,_MCCF,1|2|3 Mini Current Account,30000,200000,Offline,,Fixed,3.00%,3.00%,moneysupermarket.com
 2018-05-30,UK,London,Santander Bank,Private,GBP,Bank,Deposits,Current,_MCCF,123 Current Account,2000000,,Offline,,Fixed,1.50%,1.50%,moneysupermarket.com
 2018-05-30,UK,London,Santander Bank,Private,GBP,Bank,Deposits,Current,_MCCF,123 Lite Current Account,nan,,Offline,,Fixed,0.00%,0.00%,moneysupermarket.com
 2018-05-30,UK,London,Santander Bank,Private,GBP,Bank,Deposits,Current,_MCCF,Everyday Current Account,nan,,Offline,,Fixed,0.00%,0.00%,moneysupermarket.com
 2018-05-30,UK,London,Barclays,BARC,GBP,Bank,Deposits,Current,_MCCF,Bank Account,nan,,Offline,,Fixed,0.00%,0.00%,moneysupermarket.com
 2018-05-30,UK,London,Barclays,BARC,GBP,Bank,Deposits,Current,_MCCF,Bank Account with Blue Rewards,nan,,Offline,,Fixed,0.00%,0.00%,moneysupermarket.com
 2018-05-30,UK,London,NatWest,NWBD,GBP,Bank,Deposits,Current,_MCCF,Reward Account,nan,,Offline,,Fixed,0.00%,0.00%,moneysupermarket.com
 2018-05-30,UK,London,NatWest,NWBD,GBP,Bank,Deposits,Current,_MCCF,Reward Platinum Account,nan,,Offline,,Fixed,0.00%,0.00%,moneysupermarket.com
 2018-05-30,UK,London,NatWest,NWBD,GBP,Bank,Deposits,Current,_MCCF,Reward Silver Account,nan,,Offline,,Fixed,0.00%,0.00%,moneysupermarket.com
 2018-05-30,UK,London,NatWest,NWBD,GBP,Bank,Deposits,Current,_MCCF,Select Account,nan,,Offline,,Fixed,0.00%,0.00%,moneysupermarket.com
 2018-05-30,UK,London,Barclays,BARC,GBP,Bank,Deposits,Savings,_MSBF,Barclays ISA,nan,,Offline,,Fixed,0.65%,,uk.deposits.org
 2018-05-30,UK,London,HSBC,HSBA,GBP,Bank,Deposits,Savings,_MSBF,HSBC UK ISA ,nan,,Offline,,Fixed,0.45% ,,uk.deposits.org
 2018-05-30,UK,London,Metro Bank,MTRO,GBP,Bank,Deposits,Term Deposits,36MCDF,Metro Bank UK 3 Year Fixed Term Savings,nan,,Offline,36.0,Fixed,1.50%,,uk.deposits.org
 2018-05-30,UK,London,NatWest,NWBD,GBP,Bank,Deposits,Term Deposits,24MCDF,NatWest 2 Year Fixed Rate Bond,nan,,Offline,24.0,Fixed,1.05%,,uk.deposits.org
 2018-05-30,UK,London,The Co-operative Bank,Private,GBP,Bank,Deposits,Term Deposits,36MCDF,The Co-operative Bank 3 Year Fixed Rate Bond,nan,,Offline,36.0,Fixed,0.90%,,uk.deposits.org
 2018-05-30,UK,London,Barclays,BARC,GBP,Bank,Deposits,Term Deposits,12MCDF,Barclays 1 Year Fixed Rate Bond,nan,,Offline,12.0,Fixed,0.70%,,uk.deposits.org
 2018-05-30,UK,London,HSBC,HSBA,GBP,Bank,Deposits,Term Deposits,36MCDF,HSBC UK 3 Year Fixed Rate Bond,nan,,Offline,36.0,Fixed,0.70%,,uk.deposits.org
 2018-05-30,UK,London,Santander Bank,Private,GBP,Bank,Deposits,Term Deposits,24MCDF,Santander UK 2 Year Fixed Rate Savings Bond,nan,,Offline,24.0,Fixed,0.55%,,uk.deposits.org
 2018-05-30,UK,London,Bank of Scotland,Private,GBP,Bank,Deposits,Term Deposits,24MCDF,Bank of Scotland 2 Year Fixed Rate Bond,nan,,Offline,24.0,Fixed,0.50%,,uk.deposits.org
 2018-05-30,UK,London,Lloyds Bank,LLOY,GBP,Bank,Deposits,Term Deposits,12MCDF,Lloyds TSB 1 Year Term Deposit,nan,,Offline,12.0,Fixed,0.40%,,uk.deposits.org
